,username,password,first_name,last_name,email,address
0,mjuppe0,dMWst8V0A,Modesta,Juppe,mjuppe0@sciencedaily.com,710 Fry Rd
1,adermot1,XAbgJ5je6h,Ashlin,Dermot,adermot1@fema.gov,313 N Fry Rd
2,kbilney2,i3KBVU,Kelcey,Bilney,kbilney2@mediafire.com,550 Fry Rd
3,pmccallister3,7hc4rEwlcZ,Peri,McCallister,pmccallister3@gmpg.org,424 Katy Fwy
4,tcamilio4,36ubyr6,Taylor,Camilio,tcamilio4@sun.com,955 Katy Fwy
5,upumphreys5,WYEYoIda,Ursala,Pumphreys,upumphreys5@aol.com,450 Katy Fwy Suite A
6,cferrea6,jcHTwLaLWDm,Craggy,Ferrea,cferrea6@hugedomains.com,333 N Fry Rd
7,alouedey7,tbrzTv,Alfonso,Louedey,alouedey7@quantcast.com,525 S Fry Rd
8,lsimpkins8,fKSkLm5,Lanita,Simpkins,lsimpkins8@webeden.co.uk,955 Katy Fwy
9,gruddy9,ivMOzNEjc,Gaile,Ruddy,gruddy9@wikia.com,400 Katy Fwy Ste 100
10,mkobierzyckia,taunLT0,Morly,Kobierzycki,mkobierzyckia@examiner.com,800 Katy Fwy #240
11,cmenichinob,rZ3SAKSci,Ced,Menichino,cmenichinob@cnet.com,200 Katy Fwy
12,rrosettic,WZRBOOReP,Ray,Rosetti,rrosettic@over-blog.com,955 Katy Fwy
13,vpauligd,7hdbkLBv,Vanda,Paulig,vpauligd@google.com.br,120 N Fry Rd
14,mhuckstere,xSOqUegob,Merridie,Huckster,mhuckstere@smugmug.com,700 Kingsland Blvd #105
15,rphilsonf,oNdhlEyL1,Rex,Philson,rphilsonf@disqus.com,411 Mason Rd
16,sspelmang,gZZaUf,Sabine,Spelman,sspelmang@msu.edu,903 Highland Knolls Dr
17,korth,vnzRL4KKeg,Kally,Ort,korth@marriott.com,010 S Fry Rd
18,athurskei,6owyIP,Anallese,Thurske,athurskei@hc360.com,621 Mason Rd
19,ddodingj,cMwfyzFERkUz,Doyle,Doding,ddodingj@webs.com,955 Katy Fwy
20,amanginotk,6bPJhOT3sc,Artie,Manginot,amanginotk@delicious.com,700 W Grand Pkwy N
21,tfurphyl,Zrd5RXStD,Tani,Furphy,tfurphyl@addtoany.com,850 Morton Ranch Rd
22,dpigotm,g1ilZzXxUuZm,Danni,Pigot,dpigotm@intel.com,915 Katy Fwy #440
23,ngraysmarkn,52ZfVM5,Nerti,Graysmark,ngraysmarkn@creativecommons.org,007 Barker Cypress Rd
24,amcaveyo,nbHcwMKp0Nx,Aeriel,McAvey,amcaveyo@businessweek.com,322 Clay Rd
25,hbowmerp,2GpA8a,Harlie,Bowmer,hbowmerp@lycos.com,645 Katy Fwy
26,grobeletq,XoZXNLF,Germayne,Robelet,grobeletq@ed.gov,955 Katy Fwy
27,ulanglaisr,xQ0YgS,Urban,Langlais,ulanglaisr@exblog.jp,955 Katy Fwy
28,eguidottis,wv6RUJ8lzcjT,Eal,Guidotti,eguidottis@weather.com,550 W Grand Pkwy S
29,rmorridt,EAmFjqtyA,Renelle,Morrid,rmorridt@sun.com,502 N Fry Rd Ste B
30,tmccraineu,POY6LiXqY4,Ted,McCraine,tmccraineu@gov.uk,150 Westheimer Pkwy
31,rmountlowv,o2LnS673irs,Rea,Mountlow,rmountlowv@tmall.com,202 Westheimer Pkwy
32,nedmonstonew,gnY3sr4qtUDg,Nyssa,Edmonstone,nedmonstonew@cnet.com,055 N Fry Rd
33,vwestneyx,C0B7lql,Vida,Westney,vwestneyx@imgur.com,060 N Fry Rd
34,aloreny,5o94btTZBW8,Aleksandr,Loren,aloreny@globo.com,955 Katy Fwy
35,mdupreez,QuDIHtjYIN94,Melodie,Dupree,mdupreez@paypal.com,111 N Fry Rd
36,cscamal10,GQ5U0X,Chad,Scamal,cscamal10@networkadvertising.org,955 Katy Fwy
37,cbeedham11,GpjBtl7Q2E,Clarke,Beedham,cbeedham11@ehow.com,108 Market Pl Dr
38,atimmermann12,1yfaV3bULy,Arleyne,Timmermann,atimmermann12@pbs.org,955 Katy Fwy
39,gtomicki13,v9COb1QA1BHZ,Gelya,Tomicki,gtomicki13@drupal.org,161 Franz Rd
40,irouzet14,HvBGMGOEQXD,Ivy,Rouzet,irouzet14@storify.com,919 Westheimer Pkwy
41,oarsmith15,ODbrbxkA,Othelia,Arsmith,oarsmith15@artisteer.com,304 E 5th St #103
42,ydwelley16,afn3EafoD8R,Yardley,Dwelley,ydwelley16@weather.com,757 Westheimer Pkwy Ste 150
43,fbearcroft17,tDHCtZgB,Faydra,Bearcroft,fbearcroft17@ycombinator.com,455 Memorial Dr #400
44,mcarnilian18,S4g62SbUlS,Minny,Carnilian,mcarnilian18@ucla.edu,230 Kingsland Blvd Suite 100
45,hkapelhoff19,Deo39Z8yz,Hoyt,Kapelhoff,hkapelhoff19@dell.com,280 Barker Cypress Rd
46,pwardrop1a,aq9PCa,Peyton,Wardrop,pwardrop1a@cnbc.com,311 Kingsland Blvd #190
47,abarrus1b,DhZNaRT14I2,Ashla,Barrus,abarrus1b@hc360.com,125 Cairnway Dr #104
48,bdunley1c,SLQZ6YiR4,Bruis,Dunley,bdunley1c@reverbnation.com,100 Cairnway Dr #235
49,ppolendine1d,DSwQxLhgj,Pamella,Polendine,ppolendine1d@github.com,810 Hwy 6 N
50,ecoste1e,0Ir9H87,Ede,Coste,ecoste1e@rambler.ru,41 Seaver Way
51,mtesauro1f,qxlFxiTaOkA,Moises,Tesauro,mtesauro1f@princeton.edu,14 Roosevelt Ave
52,gcrookston1g,mVoDdBz72,Godwin,Crookston,gcrookston1g@yelp.com,71 103rd St
53,frigardeau1h,u6bOvkAUmll,Faustina,Rigardeau,frigardeau1h@posterous.com,955 Katy Fwy
54,bmaypowder1i,yICx9jrk,Brad,Maypowder,bmaypowder1i@drupal.org,822 99th St
55,bspiring1j,oq07IlX,Bethanne,Spiring,bspiring1j@answers.com,06 Junction Blvd
56,dcicccitti1k,dWPAzb3J8,Dania,Cicccitti,dcicccitti1k@umich.edu,37 108th St
57,bgosson1l,a5YY8e8,Bryanty,Gosson,bgosson1l@creativecommons.org,47 Sanford Ave #1f
58,hhassur1m,ufpM5L8z10N,Honoria,Hassur,hhassur1m@purevolume.com,47 Sanford Ave
59,kwhiscard1n,quCWDQ9Ycj,Katee,Whiscard,kwhiscard1n@cpanel.net,5 38th Ave
60,rscothorn1o,Gh0Hvrs,Rollins,Scothorn,rscothorn1o@europa.eu,605 57th Ave
61,bbercher1p,f44ViTixWImS,Bealle,Bercher,bbercher1p@feedburner.com,54 Junction Blvd
62,khurles1q,WIaulMB,Kerk,Hurles,khurles1q@bigcartel.com,35 Main St #3n
63,dguillem1r,W0QYq5iiOG0S,Debra,Guillem,dguillem1r@slate.com,35 Main St #3j
64,dscreach1s,0JqYzTDAb6iO,Dale,Screach,dscreach1s@miibeian.gov.cn,621 Franklin Ave #3k
65,hlurriman1t,cxkEpKR,Hedi,Lurriman,hlurriman1t@telegraph.co.uk,23 Sanford Ave
66,oscrowton1u,1OvzvMpGZi5,Orville,Scrowton,oscrowton1u@twitpic.com,602 Roosevelt Ave
67,cpurviss1v,ykKtEI,Christabel,Purviss,cpurviss1v@mozilla.com,10 Franklin Ave #1
68,agarrod1w,Qkw4P6wkFD4F,Ame,Garrod,agarrod1w@vistaprint.com,04 Corona Ave.
69,cline1x,xdPLfaFnT9mU,Caria,Line,cline1x@buzzfeed.com,36 Main St #1s
70,cdouglass1y,9nZl1L,Corrine,Douglass,cdouglass1y@intel.com,17 39th Ave #1a
71,smelonby1z,y8tiJPD,Shandy,Melonby,smelonby1z@behance.net,18 39th Ave 5th Floor
72,dflaubert20,ycXpIf97k,Desmund,Flaubert,dflaubert20@xrea.com,08 Roosevelt Ave
73,amalin21,Zpwjegf9BV,Adorne,Malin,amalin21@theatlantic.com,20 38th Ave #5e
74,zpobjoy22,EDcltk,Zuzana,Pobjoy,zpobjoy22@cdbaby.com,20 38th Ave #5j
75,rcrommett23,CvAxRd1,Roz,Crommett,rcrommett23@craigslist.org,13 Junction Blvd
76,rlowell24,wKWwsM,Rudy,Lowell,rlowell24@salon.com,10 Junction Blvd
77,tesp25,B1lPAM,Trula,Esp,tesp25@google.com.au,11 Kissena Blvd #1c
78,swickson26,zb0d6s,Sloan,Wickson,swickson26@eepurl.com,71 41st Ave
79,rbebbell27,ZsfZ71,Rhianon,Bebbell,rbebbell27@51.la,35 Junction Blvd
80,olozano28,7iMldSI,Orrin,Lozano,olozano28@barnesandnoble.com,08 Union St #5a
81,ebestwick29,05Ft6HgR8V9n,Ellis,Bestwick,ebestwick29@irs.gov,08 Union St #3l
82,awase2a,NqGOkypA24,Arabel,Wase,awase2a@gnu.org,32 Union St
83,klandis2b,Hz023eecrub2,Kirstyn,Landis,klandis2b@paginegialle.it,955 Katy Fwy
84,kharrower2c,yBCXUxaPTyU2,Kellen,Harrower,kharrower2c@example.com,20 37th Ave
85,pteresse2d,Zf4l6g,Perren,Teresse,pteresse2d@sakura.ne.jp,415 Kissena Blvd
86,gcallis2e,1aZvihUPbgFi,Georgianne,Callis,gcallis2e@who.int,87 35 Britton Ave Elmhurst
87,aconquest2f,is7QFBg4zo,Annelise,Conquest,aconquest2f@fda.gov,06 Farrington St
88,kmulmuray2g,EO32q7heP,Kissee,Mulmuray,kmulmuray2g@washingtonpost.com,14 63rd Dr
89,bbromhead2h,LxAs12,Burg,Bromhead,bbromhead2h@technorati.com,955 Katy Fwy
90,ncarmo2i,YEjtlio2mf,Nikki,Carmo,ncarmo2i@oakley.com,511 63rd Dr
91,cselcraig2j,udVNkXsdj80l,Cirstoforo,Selcraig,cselcraig2j@flavors.me,47 137th St
92,rcuthbert2k,aqPUdbKQlc,Robinia,Cuthbert,rcuthbert2k@amazon.de,955 Katy Fwy
93,lemps2l,UXfcZISfIE,Leland,Emps,lemps2l@slideshare.net,312 Astoria Blvd
94,rpopelay2m,dz9Ko50i,Reine,Popelay,rpopelay2m@zimbio.com,955 Katy Fwy
95,rclubbe2n,8dLUgz1PQ8,Roland,Clubbe,rclubbe2n@newyorker.com,808 55th Ave
96,yfeifer2o,pdkWIM0B,Yancy,Feifer,yfeifer2o@joomla.org,420 Broadway
97,ironisch2p,XIqgbR,Iorgos,Ronisch,ironisch2p@statcounter.com,34 Parsons Blvd #1d
98,twoodburn2q,gi2QErIDPzgw,Tudor,Woodburn,twoodburn2q@youtube.com,330 Broadway
99,smcglone2r,KLB2pl1BC71R,Seana,McGlone,smcglone2r@soup.io,330 Broadway
100,thowat2s,9fxhht,Trevar,Howat,thowat2s@squidoo.com,007 W 63rd St
101,fstrangward2t,7Gh81M6Nk8Mf,Fenelia,Strangward,fstrangward2t@ezinearticles.com,955 Katy Fwy
102,nbarhem0,ZQkJZtfy,Nicholle,Barhem,nbarhem0@shareasale.com,050 S Cicero Ave
103,nspelling1,G5SFJVyXy,Nevile,Spelling,nspelling1@uiuc.edu,635 S Pulaski Rd #2
104,pesposita2,vaceXGBI,Paola,Esposita,pesposita2@cpanel.net,955 Katy Fwy
105,away3,EccdMrG5leM,Antonella,Way,away3@theatlantic.com,414 S Archer Ave
106,rbrusle4,CkLG5SXP7,Rowen,Brusle,rbrusle4@behance.net,324 S Pulaski Rd
107,zkermeen5,6xu4Xwx,Zelma,Kermeen,zkermeen5@arstechnica.com,045 S Pulaski Rd
108,fegell6,uSfbUD8W,Farleigh,Egell,fegell6@senate.gov,907 W 63rd St
109,ehartness7,4cIobE4E,Emmey,Hartness,ehartness7@netscape.com,874 S Archer Ave
110,mcartman8,GpK5jOMJYiIK,Marci,Cartman,mcartman8@miitbeian.gov.cn,016 W 63rd St
111,lwardell9,il9kigO,Lena,Wardell,lwardell9@china.com.cn,107 S Archer Ave
112,wroomea,YLN28h,Wildon,Roome,wroomea@facebook.com,315 S Kedzie Ave
113,rsaddletonb,aBabAkUx,Rupert,Saddleton,rsaddletonb@home.pl,187 S Archer Ave #103
114,nelcombec,EiwmEes346Mm,Ninon,Elcombe,nelcombec@google.cn,943 W 47th St
115,csimeoned,9WhF0v4tQ,Codi,Simeone,csimeoned@fotki.com,435 S Kedzie Ave
116,thazelgrovee,wC0Ocbrn7vlC,Tabina,Hazelgrove,thazelgrovee@dailymotion.com,910 S Cicero Ave
117,jwalkinshawf,dJ6uCMTPMw,Jaime,Walkinshaw,jwalkinshawf@wp.com,555 W 79th St
118,pvasseg,nBFlBXp99fJ,Philipa,Vasse,pvasseg@google.com.br,955 Katy Fwy
119,bcroughanh,eCB1gMRT5c,Bil,Croughan,bcroughanh@imgur.com,701 W 68th St
120,tglackeni,0e9YxrdA,Tracie,Glacken,tglackeni@archive.org,649 W Archer Ave #400
121,acalltonej,RcFSGmORGs,Antonius,Calltone,acalltonej@addtoany.com,385 S Archer Ave
122,lmckimmeyk,TLLuyfuzjE8,Lolita,McKimmey,lmckimmeyk@nhs.uk,843 S Western Ave
123,gschirakl,TYJgKJDgEc,Gilburt,Schirak,gschirakl@gnu.org,700 S California Ave
124,aparrym,gD3yTAxLNV,Andie,Parry,aparrym@bigcartel.com,955 Katy Fwy
125,dfeldfishern,YZ5Pz7yQ3,Dre,Feldfisher,dfeldfishern@homestead.com,111 S Western Ave
126,ecourseo,dgqScERl8BOi,Efren,Course,ecourseo@ucoz.ru,701 S Cicero Ave
127,dduffanp,ZjkrcPWyu,Darline,Duffan,dduffanp@dmoz.org,150 W Archer Ave
128,lbarringtonq,LkEnIqj6Y,Lauren,Barrington,lbarringtonq@ask.com,710 S Western Ave
129,spretor,ol4zC3S,Shermie,Preto,spretor@github.com,751 W. 51st Street
130,siacovellis,9ALEU8,Shelley,Iacovelli,siacovellis@hp.com,320 S Cicero Ave
131,emouldst,eG5V0h9C7,Essy,Moulds,emouldst@wikimedia.org,955 Katy Fwy
132,cwhitwamu,47Y4XEWp5Jq,Christel,Whitwam,cwhitwamu@addtoany.com,700 S Kedzie Ave
133,cstannusv,axMOiD,Cozmo,Stannus,cstannusv@latimes.com,840 W 35th St
134,alaityw,mBxnM3pXC,Afton,Laity,alaityw@networkadvertising.org,878 S Harlem Ave
135,nallibonx,Iem8w1,Nonnah,Allibon,nallibonx@europa.eu,224 S Ashland Ave
136,chawkiny,BqXNqV7ZOS,Catlin,Hawkin,chawkiny@msn.com,801 S Ridgeland Ave
137,mpalffyz,71jec9Ak802,Martynne,Palffy,mpalffyz@4shared.com,040 S Cicero Ave
138,mantonignetti10,VNOfK0T4oVhM,Maryann,Antonignetti,mantonignetti10@usgs.gov,040 S Cicero Ave Fl 2
139,bhazzard11,bGkvY8dtB,Birch,Hazzard,bhazzard11@dell.com,900 W 47th St
140,dzienkiewicz12,GXQIfrJvz,Dov,Zienkiewicz,dzienkiewicz12@cargocollective.com,943 W 31st St
141,abrasse13,uA8FLrOMKoN,Abbe,Brasse,abrasse13@home.pl,440 W 95th St Suite 0201 P
142,akollatsch14,2FDHzaJvL,Ania,Kollatsch,akollatsch14@sbwire.com,740 W 95th St
143,jcolombier15,CdvTRqh92Qu,Jarred,Colombier,jcolombier15@springer.com,955 Katy Fwy
144,nkamenar16,uDhHpK,Nolly,Kamenar,nkamenar16@admin.ch,700 W 95th St #101
145,stallet17,6g9HwOHF4y,Sybil,Tallet,stallet17@so-net.ne.jp,955 Katy Fwy
146,rbarrowclough18,7zjMZY,Reynold,Barrowclough,rbarrowclough18@github.com,424 S Pulaski Rd
147,acammomile19,nhERwou,Antone,Cammomile,acammomile19@sun.com,122 40th St
148,pscawn1a,k0fs8mlWn6,Pembroke,Scawn,pscawn1a@devhub.com,800 Ogden Ave
149,qsowerby1b,fTEWyL,Quentin,Sowerby,qsowerby1b@eepurl.com,959 W 95th St
150,rdiggar1c,W4nx37oaWz,Rozella,Diggar,rdiggar1c@phoca.cz,329 George Dieter Dr
151,tmelan1d,yHLST9I,Town,Melan,tmelan1d@springer.com,512 N Zaragoza Rd A1
152,ychalcroft1e,wqtYqxWhqsRj,Yehudi,Chalcroft,ychalcroft1e@skyrock.com,551 N Zaragoza Rd
153,cwrates1f,Coo1JIx0SK,Crystal,Wrates,cwrates1f@live.com,607 N Zaragoza Rd
154,tdurran1g,g4MyRWjW2pGn,Thomasine,Durran,tdurran1g@ibm.com,360 Pellicano Dr
155,celleton1h,chVqSY9LH,Corbie,Elleton,celleton1h@twitter.com,331 James Watt Dr Bldg 100
156,jswin1i,Stld5APZfiQO,Jemimah,Swin,jswin1i@163.com,800 N Zaragoza Rd
157,mbuckberry1j,UUfNYg,Miltie,Buckberry,mbuckberry1j@omniture.com,955 Katy Fwy
158,mtruswell1k,qMpOXhYUMN,Madelaine,Truswell,mtruswell1k@weebly.com,570 Lomaland Dr Ste A
159,lropcke1l,Z1Wp8wrYpA,Linus,Ropcke,lropcke1l@oracle.com,850 N Zaragoza Rd
160,rgainsburgh1m,dP026IFN5n3,Roma,Gainsburgh,rgainsburgh1m@state.gov,320 Montwood Dr
161,alycett1n,VCpZfUMso,Ashby,Lycett,alycett1n@craigslist.org,955 Katy Fwy
162,imateiko1o,K1AJFu,Ignace,Mateiko,imateiko1o@ca.gov,115 N Loop Dr
163,rrust1p,AZeiVmyy5x,Roanne,Rust,rrust1p@wix.com,685 Montwood Dr
164,amerlin1q,BbUf8Ouk6Xk,Analiese,Merlin,amerlin1q@berkeley.edu,831 Lee Trevino Dr
165,aduigan1r,iyXRTCE,Alec,Duigan,aduigan1r@howstuffworks.com,955 Katy Fwy
166,dmccuis1s,lt3bWhJ,Dulcinea,McCuis,dmccuis1s@ft.com,727 Gateway Blvd W
167,cglavis1t,G7gPVfZMO,Cathlene,Glavis,cglavis1t@ehow.com,045 N Loop Dr
168,lswinburne1u,rseCIo76,Lorette,Swinburne,lswinburne1u@ucoz.com,955 Katy Fwy
169,ihodinton1v,9nXr2y,Isa,Hodinton,ihodinton1v@pcworld.com,201 Montwood Dr
170,mvize1w,71wHeId,Michel,Vize,mvize1w@cpanel.net,350 Montwood Dr #300
171,hpostins1x,bVOkVyPGPU5w,Herbert,Postins,hpostins1x@squidoo.com,950 George Dieter Dr
172,dheiss1y,V7WLEsK,Daniela,Heiss,dheiss1y@indiatimes.com,200 N Yarbrough Dr
173,gwaldock1z,WWq9topJ8kVN,Gun,Waldock,gwaldock1z@google.fr,000 Saul Kleinfeld Dr
174,lbruty20,vSPwRy8bD,Lilith,Bruty,lbruty20@yandex.ru,210 Wedgewood Dr
175,sdesouza21,5JKjhQ6AIl8E,Stefania,Desouza,sdesouza21@goo.ne.jp,955 Katy Fwy
176,jrising22,0UakUY,Jard,Rising,jrising22@europa.eu,955 Katy Fwy
177,eezele23,BqP0tM8,Eadmund,Ezele,eezele23@toplist.cz,955 Katy Fwy
178,cgoodlife24,goodugPJkWV,Calida,Goodlife,cgoodlife24@msu.edu,390 Edgemere Blvd
179,evertey25,qB0zZiErKgBO,Erda,Vertey,evertey25@last.fm,600 Montana Ave
180,smomery26,xlTejOH,Shelton,Momery,smomery26@nytimes.com,216 Dale Rd #1
181,awozencraft27,Uo7oLWp,Annabal,Wozencraft,awozencraft27@wikia.com,889 Gateway Blvd W Building #a100
182,alooby28,P3qL7J,Ame,Looby,alooby28@senate.gov,301 Alameda Ave
183,coshesnan29,iSqHHIEvXMq,Cirillo,O'Shesnan,coshesnan29@merriam-webster.com,236 Montana Ave
184,rhydechambers2a,bWcl8nhcmD,Rog,Hyde-Chambers,rhydechambers2a@nasa.gov,850 N Loop Dr
185,kheakins2b,icwEG89PxloW,Kala,Heakins,kheakins2b@google.pl,101 Gateway Blvd W
186,cwinram2c,k89y2Xa70Ys,Cathi,Winram,cwinram2c@uiuc.edu,001 Gateway Blvd W
187,shosby2d,RCXKD1KP,Stephi,Hosby,shosby2d@squarespace.com,590 N Zaragoza Rd
188,cferryman2e,CkcOfk,Ciro,Ferryman,cferryman2e@edublogs.org,901 State Jail Rd
189,afayers2f,MEHeW1,Ari,Fayers,afayers2f@amazonaws.com,900 Horizon Blvd
190,rketchell2g,9e8ZfKP,Rosalinda,Ketchell,rketchell2g@gov.uk,100 Geronimo Dr
191,cpolo2h,6qSTnrys8bW0,Courtney,Polo,cpolo2h@devhub.com,101 Gateway Blvd W
192,lgale2i,wh49swY0u,Lewiss,Gale,lgale2i@about.com,300 Horizon Blvd
193,dlapere2j,WKUeezKjg0n0,Danella,Lapere,dlapere2j@drupal.org,401 Montana Ave
194,fivashev2k,4W15Fv,Fidelity,Ivashev,fivashev2k@nydailynews.com,200 Montana Ave
195,crylatt2l,UopYFlE,Cristy,Rylatt,crylatt2l@macromedia.com,955 Katy Fwy
196,gbyrcher2m,kUMzHgI,Gerome,Byrcher,gbyrcher2m@amazon.co.uk,801 Alberta Ave # 200
197,dritchard2n,Y7tkDrodm,Darsey,Ritchard,dritchard2n@bluehost.com,879 Montana Ave
198,jabad2o,8pBqsr35nX,Junette,Abad,jabad2o@gravatar.com,310 Fort Blvd
199,ahendrik2p,bDRkuZC,Alfonso,Hendrik,ahendrik2p@ucoz.com,002 Grant Ave
200,phardes2q,HyI7Uky2Jwi,Phyllida,Hardes,phardes2q@deviantart.com,322 S Figueroa St
201,ehughf2r,HuyYk6G,Editha,Hughf,ehughf2r@issuu.com,425 S Central Ave
202,gkearney2s,VDN8NIR4ERc,Giraldo,Kearney,gkearney2s@vistaprint.com,955 Katy Fwy
203,tkirsopp2t,psn1ERHz,Taber,Kirsopp,tkirsopp2t@admin.ch,701 S Hoover St
204,eseccombe2u,dHza6dcWl,Edin,Seccombe,eseccombe2u@about.com,808 W 58th St
205,escoggin2v,ZZjH9LGzZKD,Essa,Scoggin,escoggin2v@noaa.gov,970 S Central Ave
206,mredmond2w,7z7C8eDofm,Merrielle,Redmond,mredmond2w@mozilla.com,955 Katy Fwy
207,rhowler2x,rZJ56WkcR5e1,Rheta,Howler,rhowler2x@de.vu,410 Hooper Ave.
208,dskeemer2y,8zgpJqTdCbG,Davita,Skeemer,dskeemer2y@merriam-webster.com,085 S Vermont Ave
209,sroft2z,tR4hdejwRJqY,Shannon,Roft,sroft2z@tamu.edu,955 Katy Fwy
210,habramovici30,ZM0InZi,Hartwell,Abramovici,habramovici30@youtu.be,818 S Avalon Blvd
211,aparadyce31,8x5xOrqGP,Aldus,Paradyce,aparadyce31@dion.ne.jp,955 Katy Fwy
212,twarkup32,UQB2COTrpyuY,Tamara,Warkup,twarkup32@shop-pro.jp,500 E Gage Ave
213,gskylett33,Q1WpfHS3qN,Griffin,Skylett,gskylett33@businesswire.com,060 Exposition Blvd
214,bmadill34,AzjQR1,Bryn,Madill,bmadill34@digg.com,070 S Central Ave
215,hranderson35,cx1CgI6,Harriet,Randerson,hranderson35@cnn.com,403 W Adams Blvd
216,ageist36,YP8vPRDuTd,Ashlan,Geist,ageist36@weebly.com,955 Katy Fwy
217,ghebbs37,Ig8sbVs,Gwenore,Hebbs,ghebbs37@reverbnation.com,446 E Washington Blvd
218,holesen38,1MiIBmug,Hanna,Olesen,holesen38@boston.com,326 W 23rd St
219,jsneyd39,neBcggWERT,Jen,Sneyd,jsneyd39@163.com,534 E Florence Ave
220,kdyball3a,vkze9hIA,Keslie,Dyball,kdyball3a@wikia.com,955 Katy Fwy
221,bbarrowclough3b,YKRfQ10YT,Berne,Barrowclough,bbarrowclough3b@rakuten.co.jp,800 W Slauson Ave
222,lrameau3c,yOrmow,Laure,Rameau,lrameau3c@usda.gov,530 S Olive St
223,vmeier3d,ADnLkonuc2U1,Vilma,Meier,vmeier3d@tripod.com,212 Stanford Ave # 106
224,eitzik3e,h3lEB9BX,Engracia,Itzik,eitzik3e@sohu.com,955 Katy Fwy
225,bqueyeiro3f,t2EmXIP,Brook,Queyeiro,bqueyeiro3f@dot.gov,955 Katy Fwy
226,csterry3g,rTf954zJTiHT,Cullie,Sterry,csterry3g@cbsnews.com,100 Pacific Blvd
227,jauld3h,v6kr65dL,Jesus,Auld,jauld3h@vimeo.com,955 Katy Fwy
228,plovat3i,8URyM0B9,Pieter,Lovat,plovat3i@constantcontact.com,910 Magnolia Ave Ste 101;suite 101
229,hwindeatt3j,CarnI7PdLr,Hervey,Windeatt,hwindeatt3j@uiuc.edu,955 Katy Fwy
230,hdermott3k,Lv95ZvQfnC,Horatia,Dermott,hdermott3k@bizjournals.com,670 E Gage Ave #10a
231,fpearmine3l,9MIEsVQ,Flossy,Pearmine,fpearmine3l@comcast.net,815 S Vermont Ave
232,eelderton3m,5IPmSBaGw,Emmalyn,Elderton,eelderton3m@e-recht24.de,680 Saturn Ave
233,vbeggs3n,6fhwAw,Valeria,Beggs,vbeggs3n@nih.gov,645 W 9th St
234,ldessaur3o,BTfYZC,Lloyd,Dessaur,ldessaur3o@examiner.com,119 Seville Ave Suite D
235,dmasselin3p,aNLC1y674v,Darill,Masselin,dmasselin3p@spotify.com,635 Walnut St
236,hgoard3q,bxzDRLgofkF,Hasty,Goard,hgoard3q@google.it,955 Katy Fwy
237,cgiovannazzi3r,yk8b5nJ,Cece,Giovannazzi,cgiovannazzi3r@cdbaby.com,955 Katy Fwy
238,zfawbert3s,LaAqqL5SJl,Zita,Fawbert,zfawbert3s@china.com.cn,034 W Pico Blvd
239,locahill3t,SNUCpsvjbnd2,Lemuel,O'Cahill,locahill3t@weibo.com,617 W 7th St
240,amcclymont3u,0OTw11J9K,Adair,McClymont,amcclymont3u@craigslist.org,955 Katy Fwy
241,dglendining3v,VtubEjJtx,Dale,Glendining,dglendining3v@imdb.com,230 W Slauson Ave
242,abundock3w,0hfI4YP2,Alden,Bundock,abundock3w@youtu.be,500 S Broadway
243,kferrelli3x,tf8aCqm,Kenneth,Ferrelli,kferrelli3x@vimeo.com,420 E 3rd St
244,nwhiscard3y,7KQHs3,Nelson,Whiscard,nwhiscard3y@rambler.ru,955 Katy Fwy
245,cblackie3z,rZoevyruV,Corie,Blackie,cblackie3z@msu.edu,200 Long Beach Blvd D2
246,mfautly40,3W29lxUgA1,Moishe,Fautly,mfautly40@phoca.cz,200 Long Beach Blvd
247,godell41,uEnzk2aRXz,Gavra,O'dell,godell41@amazon.de,444 Flower St #100
248,ematzl42,D6b2RWZpyuxu,Erhard,Matzl,ematzl42@blogs.com,127 Wilshire Blvd #201
249,rwollard43,mDj2KhNFF,Rolland,Wollard,rwollard43@imgur.com,955 Katy Fwy
250,rsmout44,MeBJrTg8YBO,Rudy,Smout,rsmout44@cbc.ca,411 Myrtle Ave
251,nfrancescone45,DWdDWZDR1lBr,Northrop,Francescone,nfrancescone45@seesaa.net,955 Katy Fwy
252,bfautly46,ddg9NHR,Bartie,Fautly,bfautly46@w3.org,18 Myrtle Ave
253,carmor47,Bs8JZ6,Constantine,Armor,carmor47@businessweek.com,820 Wyckoff Ave
254,vzupa48,YbWIyqAxoP,Violet,Zupa,vzupa48@w3.org,60 Myrtle Ave
255,mforesight49,qlkIsRJF,Michal,Foresight,mforesight49@goo.gl,454 Myrtle Ave
256,dgladdin4a,rsDro5F8B,Danita,Gladdin,dgladdin4a@baidu.com,454 Myrtle Ave
257,rdicey4b,smD2Rb1B,Raine,Dicey,rdicey4b@techcrunch.com,371 Stockholm St
258,gloren4c,vtM65v,Gonzales,Loren,gloren4c@mac.com,366 Knickerbocker Ave
259,bbandey4d,F9WNCe8oNLC,Benedick,Bandey,bbandey4d@seattletimes.com,355 Knickerbocker Ave
260,skilbey4e,yy19HASlIybZ,Somerset,Kilbey,skilbey4e@msn.com,583 Grandview Ave
261,cscammell4f,Loz8ml,Clio,Scammell,cscammell4f@scribd.com,036 Myrtle Ave
262,kwibrew4g,B9gNdK,Kirk,Wibrew,kwibrew4g@oaic.gov.au,51 Fresh Pond Rd
263,lmoult4h,XO1mqVMT3S,Link,Moult,lmoult4h@home.pl,51 Fresh Pond Rd #3sto
264,mtavernor4i,TJkoibTMd6jm,Melessa,Tavernor,mtavernor4i@blogs.com,55 Fresh Pond Rd
265,abannard4j,1yeqvvKqiDdW,Annalise,Bannard,abannard4j@geocities.jp,802 Metropolitan Ave
266,byates4k,OLukYW,Becki,Yates,byates4k@scientificamerican.com,955 Katy Fwy
267,qbiermatowicz4l,lCQ1haC3gL16,Quillan,Biermatowicz,qbiermatowicz4l@elegantthemes.com,960 Halsey St
268,cstores4m,ng0SnYLTIfH,Chaim,Stores,cstores4m@mozilla.org,771 Broadway
269,ewilsee4n,mLW1AC3Rck,Ernie,Wilsee,ewilsee4n@state.gov,955 Katy Fwy
270,hmazella4o,W9NCLUsqK1mj,Horst,Mazella,hmazella4o@hostgator.com,891 Eastern Pkwy
271,cmccowen4p,l6wRZKejWhf,Cody,McCowen,cmccowen4p@ed.gov,891 Eastern Pkwy
272,ajales4q,ohmwkboPX,Aubrey,Jales,ajales4q@skyrock.com,950 Fulton St
273,bkinton4r,nD36U8x,Berky,Kinton,bkinton4r@yolasite.com,312 Ralph Ave
274,hyakunin4s,9dF9A1jpsxR,Haskel,Yakunin,hyakunin4s@meetup.com,28 Cooper Ave
275,gmeineck4t,jXvVRs91i,Gillian,Meineck,gmeineck4t@columbia.edu,173 Chauncey St
276,bmarquet4u,uXrK3Qmi33,Bekki,Marquet,bmarquet4u@pcworld.com,755 Broadway
277,rtoovey4v,CPLtFAZzR,Rae,Toovey,rtoovey4v@sogou.com,210 Montrose Ave
278,sguerola4w,9dI6dGKCBQ,Siusan,Guerola,sguerola4w@mail.ru,68 Graham Ave
279,rjakubiak4x,vFKnaRu,Raeann,Jakubiak,rjakubiak4x@blogs.com,72 Manhattan Ave
280,bmattiello4y,PBdRZxCKcZ,Babita,Mattiello,bmattiello4y@slideshare.net,01 Metropolitan Ave
281,bneaverson4z,K9bi0qQ,Bea,Neaverson,bneaverson4z@google.nl,992 Fulton St
282,rgrundell50,LgZM15hC,Raffarty,Grundell,rgrundell50@cocolog-nifty.com,477 Liberty Ave
283,mhewson51,H2wAbIfL,Major,Hewson,mhewson51@imdb.com,21 Myrtle Ave
284,cvandendael52,lim16ZY,Clare,Van den Dael,cvandendael52@sogou.com,17 Myrtle Ave
285,mrabley53,awnZ5r,Maximilien,Rabley,mrabley53@unesco.org,797 Pitkin Ave
286,eedgeler54,8eKmFzy7BqEm,Erhard,Edgeler,eedgeler54@jiathis.com,955 Katy Fwy
287,mcrewther55,nCoax6,Meta,Crewther,mcrewther55@dagondesign.com,094 Pitkin Ave
288,wchaundy56,CCeINj,Wheeler,Chaundy,wchaundy56@smugmug.com,631 Pitkin Ave
289,bleaming57,9ns66BPHB,Burty,Leaming,bleaming57@imgur.com,210 Union Ave
290,hreedy58,5edjVvK69B,Hershel,Reedy,hreedy58@pen.io,16 Grand Ave
291,dmattinson59,IXFsTixLIpy,Dody,Mattinson,dmattinson59@netvibes.com,484 Fulton St
292,jesparza5a,O3NaODe,Jesse,Esparza,jesparza5a@sohu.com,484 Fulton St
293,abordiss5b,zw10uW2hqE,Alyce,Bordiss,abordiss5b@furl.net,955 Katy Fwy
294,weatttok5c,vYVBPS,Wanda,Eatttok,weatttok5c@ox.ac.uk,190 Utica Ave
295,opadula5d,mefeYVNA88QP,Obadiah,Padula,opadula5d@nbcnews.com,756 Myrtle Ave
296,jpomphrey5e,QjXZid5lR,Josefina,Pomphrey,jpomphrey5e@hibu.com,343 Fulton St
297,kmeneux5f,KU0u4VDlKw4v,Kenna,Meneux,kmeneux5f@ameblo.jp,343 Fulton St
298,kdalliston5g,70XwCX,Karalynn,Dalliston,kdalliston5g@ebay.com,218 Prospect Pl 2nd Floor
299,ndearnly5h,uTgT1w2l,Niki,Dearnly,ndearnly5h@aboutads.info,402 Grand Avenue Unit A
300,rpedlar5i,6f0Fcg,Robinett,Pedlar,rpedlar5i@smugmug.com,955 Katy Fwy
301,elamasna5j,iPlGplF,Evvie,Lamasna,elamasna5j@discuz.net,740 Woodruff Ave
302,ttowle5k,nvqiy24,Tanya,Towle,ttowle5k@godaddy.com,955 Katy Fwy
303,lkillimister5l,5A9M30S,Lara,Killimister,lkillimister5l@chicagotribune.com,637 The Plaza Suite #45
304,lghost5m,yYCdoEe99m,Laure,Ghost,lghost5m@last.fm,924 Bellflower Blvd
305,bcapelle5n,n6yCS2,Brocky,Capelle,bcapelle5n@sohu.com,931 San Antonio Dr
306,awrightam5o,6fcr3Ol,Arch,Wrightam,awrightam5o@tumblr.com,900 Bellflower Blvd
307,lklosges5p,dTl7x3Fvy,Lenee,Klosges,lklosges5p@nhs.uk,955 Katy Fwy
308,cneggrini5q,A4XusFgLrHx,Constantino,Neggrini,cneggrini5q@naver.com,800 Artesia Blvd
309,csamudio5r,3qqoSuKSg,Carleen,Samudio,csamudio5r@pagesperso-orange.fr,955 Katy Fwy
310,llithgow5s,8gZetx,Lionel,Lithgow,llithgow5s@ocn.ne.jp,604 Artesia Blvd Ste 202
311,amcgilleghole5t,tmGPSgUlsjm,Arri,McGilleghole,amcgilleghole5t@indiegogo.com,324 Hoxie Ave
312,fcockshot5u,5aLdWztS8,Frank,Cockshot,fcockshot5u@symantec.com,955 Katy Fwy
313,bpauling5v,Crp70GH,Brewer,Pauling,bpauling5v@ustream.tv,955 Katy Fwy
314,sdumberrill5w,6UlDB6Q,Silvana,Dumberrill,sdumberrill5w@examiner.com,930 Studebaker Rd
315,sbraunroth5x,noO50IF,Sybilla,Braunroth,sbraunroth5x@cbslocal.com,520 Woodruff Ave
316,rgebbe5y,Pr23Knp8,Ricki,Gebbe,rgebbe5y@flickr.com,955 Katy Fwy
317,mpudding5z,sY26d4PqN8,Mathian,Pudding,mpudding5z@mozilla.org,500 Woodruff Ave
318,sfrichley60,rLq40c8t,Silvan,Frichley,sfrichley60@nih.gov,955 Katy Fwy
319,vbenley61,Pqor85LAeGX,Viviana,Benley,vbenley61@theguardian.com,701 Towne Center Dr
320,smolines62,DaOEY4qhTh5,Susi,Molines,smolines62@goo.ne.jp,319 Norwalk Blvd
321,cbern63,UpRqBm,Carmon,Bern,cbern63@flickr.com,955 Katy Fwy
322,rarstingall64,HJYxXs7m,Rosetta,Arstingall,rarstingall64@chronoengine.com,353 Imperial Hwy
323,amonkman65,K6Mbhi8PQiUN,Amelie,Monkman,amonkman65@dion.ne.jp,031 Rosecrans Ave
324,tluberti66,ks6gywPxos,Teriann,Luberti,tluberti66@hibu.com,501 Lakewood Blvd
325,manderl67,L1Sd23,Myrtle,Anderl,manderl67@zimbio.com,001 Apollo Way
326,nmanktelow68,ZGskTVLoNfgN,Nickolai,Manktelow,nmanktelow68@deviantart.com,447 Alondra Blvd
327,esumpner69,i0cwdY,Edsel,Sumpner,esumpner69@mediafire.com,141 Pioneer Blvd
328,jfuggles6a,yyKagq7B3,Jackson,Fuggles,jfuggles6a@apple.com,325 Artesia Blvd
329,eduxfield6b,qAoS5Uii2sGL,Eadie,Duxfield,eduxfield6b@wunderground.com,018 Firestone Blvd
330,sbawcock6c,51SZu1,Shandra,Bawcock,sbawcock6c@nsw.gov.au,705 E South St
331,neversfield6d,F2t3Eatov5J,Nell,Eversfield,neversfield6d@ft.com,010 2nd St
332,pdozdill6e,9XfQOdZucn5,Pearline,Dozdill,pdozdill6e@blogs.com,340 Faculty Ave
333,mkingzet6f,z0ta7Jl31SWL,Marrissa,Kingzet,mkingzet6f@ocn.ne.jp,955 Katy Fwy
334,kmatterface6g,9jHXHg,Kerianne,Matterface,kmatterface6g@youtu.be,626 Firestone Blvd
335,ckinnen6h,WAKEPIxD,Casey,Kinnen,ckinnen6h@smh.com.au,415 Colorado Ave Unit 102
336,tbayston6i,8ivydc,Tann,Bayston,tbayston6i@home.pl,610 Firestone Blvd
337,bcluitt6j,y6iUtD,Barris,Cluitt,bcluitt6j@google.com.hk,955 Katy Fwy
338,gsickling6k,4girFU,Garek,Sickling,gsickling6k@goo.gl,321 South St
339,icamacho6l,2IKQGE2,Illa,Camacho,icamacho6l@time.com,955 Katy Fwy
340,gredsell6m,teeyzw,Gordy,Redsell,gredsell6m@goo.ne.jp,955 Katy Fwy
341,momara6n,NFB7MB6WV,Melodie,O'Mara,momara6n@hhs.gov,030 Imperial Hwy
342,kcoultass6o,TeQWQu6E,Koral,Coultass,kcoultass6o@npr.org,270 Paramount Blvd
343,nvernay6p,zxLMijUsb,Nat,Vernay,nvernay6p@ucoz.com,955 Katy Fwy
344,adrinkall6q,qGG9MWdH0pIz,Ardisj,Drinkall,adrinkall6q@mail.ru,002 Moody St # 106
345,cchristin6r,mIQoFjSPR,Cord,Christin,cchristin6r@scribd.com,226 Woodruff Ave
346,cpeople6s,1SHrTWs2,Christa,People,cpeople6s@marketwatch.com,955 Katy Fwy
347,vwallhead6t,HZyj0eovnm,Verene,Wallhead,vwallhead6t@wikipedia.org,938 Paramount Blvd
348,ramoss6u,vZUWsJKZ,Renard,Amoss,ramoss6u@go.com,955 Katy Fwy
349,charbach6v,E6D72E,Cale,Harbach,charbach6v@archive.org,955 Katy Fwy
350,jizzatt6w,gcwLwVmCJFZ,Joby,Izzatt,jizzatt6w@unc.edu,955 Katy Fwy
351,ffitchell6x,FDGrKMC9,Francoise,Fitchell,ffitchell6x@usa.gov,955 Katy Fwy
352,ielletson6y,qQsYCqC6izX5,Ivette,Elletson,ielletson6y@shop-pro.jp,652 Cantara St
353,lodowne6z,ZxYcwkHeY,Laurie,O'Downe,lodowne6z@smugmug.com,955 Katy Fwy
354,sshyram70,LquU0D,Scarface,Shyram,sshyram70@umn.edu,530 Nordhoff St
355,cgerrietz71,2T35bCI2zzn,Caressa,Gerrietz,cgerrietz71@microsoft.com,750 Woodman Ave
356,tsagerson72,D701rXk,Twila,Sagerson,tsagerson72@fc2.com,400 Van Nuys Blvd
357,sevison73,on6cFh6m2,Siobhan,Evison,sevison73@yahoo.com,333 Van Nuys Blvd
358,cgladebeck74,j7o74Li,Conchita,Gladebeck,cgladebeck74@microsoft.com,550 Paxton St
359,lcosgrove75,xJd8c8,Luke,Cosgrove,lcosgrove75@myspace.com,739 Van Nuys Blvd
360,ncamillo76,1QyImGwVjb,Natty,Camillo,ncamillo76@hatena.ne.jp,316 Nordhoff St
361,dtourville77,xqP16xmZYKYC,Dyane,Tourville,dtourville77@constantcontact.com,239 Woodman Ave
362,zknott78,toJvnXU6rGFq,Zechariah,Knott,zknott78@nydailynews.com,955 Katy Fwy
363,cbushen79,Ioy4ftdbrA3,Carmon,Bushen,cbushen79@edublogs.org,955 Katy Fwy
364,gvoller7a,gXAT0Poj8w,Gerty,Voller,gvoller7a@nydailynews.com,349 Sepulveda Blvd
365,mburgen7b,EzxVMBRnUX,Maudie,Burgen,mburgen7b@t-online.de,155 Van Nuys Blvd
366,nrennard7c,3SI2ln,Nollie,Rennard,nrennard7c@loc.gov,955 Katy Fwy
367,gbim7d,PtbfHCPUXS,Glenine,Bim,gbim7d@globo.com,727 Rinaldi St
368,nconan7e,4WWcYo9U8D,Neysa,Conan,nconan7e@plala.or.jp,955 Katy Fwy
369,lstorey7f,kIg06o,Loren,Storey,lstorey7f@forbes.com,231 Victory Blvd
370,sdacombe7g,JzUYz7Z,Saidee,Dacombe,sdacombe7g@google.de,955 Katy Fwy
371,cmouland7h,1h5jNz1J,Caryn,Mouland,cmouland7h@amazon.co.jp,955 Katy Fwy
372,iattrill7i,P4vaG4V,Isidore,Attrill,iattrill7i@telegraph.co.uk,521 Van Nuys Blvd
373,erushmere7j,spZpJYP9T,Ewen,Rushmere,erushmere7j@newsvine.com,502 W Holtz Ave;
374,elefley7k,7ijFCJ193hgj,Emlynne,Lefley,elefley7k@purevolume.com,550 Haynes St
375,sohrt7l,a370DB6O,Shea,Ohrt,sohrt7l@netvibes.com,426 Gilmore St B
376,todonnell7m,D5twtt7sn7O,Thorny,O'Donnell,todonnell7m@1688.com,050 Glenoaks Blvd
377,bluff7n,Zayl5F6,Bernette,Luff,bluff7n@nymag.com,955 Katy Fwy
378,gstpierre7o,I1pr2dm7C9z,Goraud,St Pierre,gstpierre7o@google.es,350 Victory Blvd
379,hnortunen7p,W4WaYcrhUgPs,Halsy,Nortunen,hnortunen7p@youtu.be,955 Katy Fwy
380,emarusyak7q,NWk9CaGd,Efren,Marusyak,emarusyak7q@japanpost.jp,955 Katy Fwy
381,martiss7r,infA7yk4xL,Mireielle,Artiss,martiss7r@intel.com,955 Katy Fwy
382,kcassie7s,e6Aq1V,Kerry,Cassie,kcassie7s@theatlantic.com,955 Katy Fwy
383,ndyott7t,r0NTLQ,Natalie,Dyott,ndyott7t@themeforest.net,100 Sepulveda Blvd
384,leefting7u,yDsedvoQ5w6,Leicester,Eefting,leefting7u@house.gov,955 Katy Fwy
385,apetcher7v,IZmayFF06QgY,Arte,Petcher,apetcher7v@webmd.com,955 Katy Fwy
386,atettersell7w,rgowmu2V,Alikee,Tettersell,atettersell7w@studiopress.com,940 Devonshire St
387,cphilps7x,8YjMVoaT,Christalle,Philps,cphilps7x@shinystat.com,955 Katy Fwy
388,wflitcroft7y,cfvt8V3,Wren,Flitcroft,wflitcroft7y@wsj.com,803 Foothill Blvd
389,aphidgin7z,exZMQH4a1R,Aggi,Phidgin,aphidgin7z@redcross.org,830 San Fernando Mission Blvd
390,tnoseworthy80,2zuHafD3hn,Thaxter,Noseworthy,tnoseworthy80@umich.edu,440 Burbank Blvd
391,fashtonhurst81,vJYsQgZn,Flinn,Ashtonhurst,fashtonhurst81@desdev.cn,010 Chatsworth St
392,gkiddle82,IRulPbjd70,Giorgi,Kiddle,gkiddle82@washington.edu,224 Coldwater Canyon Ave
393,tmorhall83,NpDyGCC7,Tani,Morhall,tmorhall83@rediff.com,511 W Magnolia Blvd
394,eteenan84,KcmjnG9q,Ebonee,Teenan,eteenan84@seesaa.net,955 Katy Fwy
395,fwalkey85,3vSCfeuF,Fidelio,Walkey,fwalkey85@list-manage.com,955 Katy Fwy
396,lreschke86,FEC1rZd5W1,Laurence,Reschke,lreschke86@etsy.com,313 Roscoe Blvd
397,dstrowther87,xYYKQu1jQ,Delphine,Strowther,dstrowther87@cdc.gov,465 Sunland Blvd
398,mvater88,RjjpdXw,Mitchel,Vater,mvater88@home.pl,300 Tujunga Ave
399,tmerring89,0qSBgYU,Tam,Merring,tmerring89@nifty.com,266 Saticoy St
400,cbardnam8a,RviueeNYr,Corabelle,Bardnam,cbardnam8a@blogger.com,236 Broadway
401,dkubec8b,0yLJl8PSg,Dorita,Kubec,dkubec8b@ifeng.com,70 Lee Ave
402,cshreenan8c,HImhUGzd8,Cass,Shreenan,cshreenan8c@chron.com,250 Bedford Ave
403,rsquibe8d,LE9AgUFi4w1e,Rooney,Squibe,rsquibe8d@sogou.com,210 Union Ave
404,acrangle8e,UTotuY1AI,Ailee,Crangle,acrangle8e@skype.com,164 Kent Ave
405,ahughill8f,RMAw2OC3kdIt,Ashli,Hughill,ahughill8f@cnn.com,955 Katy Fwy
406,bhallatt8g,cJwHr5Wk,Bee,Hallatt,bhallatt8g@wordpress.org,711 Bedford Ave
407,dbinnion8h,FJtAhtynM,Dex,Binnion,dbinnion8h@xrea.com,74 Wallabout St
408,tgrafton8i,TtdjGUnV7wNK,Taylor,Grafton,tgrafton8i@bing.com,72 Manhattan Ave
409,kburke8j,j2kPaWKd,Kora,Burke,kburke8j@ihg.com,210 Montrose Ave
410,mmccuish8k,54iAkCWMcT,Mariana,McCuish,mmccuish8k@skype.com,68 Graham Ave
411,cberthod8l,0KhgLX,Carmine,Berthod,cberthod8l@hp.com,756 Myrtle Ave
412,hgligoraci8m,6MwBvH,Hillard,Gligoraci,hgligoraci8m@cdc.gov,755 Broadway
413,csangwine8n,0PyCfw,Candace,Sangwine,csangwine8n@statcounter.com,527 Grand St
414,dguilbert8o,Ftd44idwpvCy,Dodi,Guilbert,dguilbert8o@liveinternet.ru,504 Myrtle Ave
415,scundict8p,Rzie0hV46tV7,Staci,Cundict,scundict8p@weebly.com,750 Manhattan Ave
416,erideout8q,9NEL4hq,Emelia,Rideout,erideout8q@tamu.edu,955 Katy Fwy
417,wmusgrove8r,JBA2vUgT,Willie,Musgrove,wmusgrove8r@wikispaces.com,783 Manhattan Ave
418,kfulmen8s,ETsdqK9g30il,Kylila,Fulmen,kfulmen8s@patch.com,85 Avenue D
419,edrewes8t,bz9tPKAhIkJ,Ezequiel,Drewes,edrewes8t@sourceforge.net,379 Myrtle Ave
420,glinnock8u,HI5GDIRJ7,Godiva,Linnock,glinnock8u@blinklist.com,279 E 3rd St
421,gmourbey8v,y0BUcGoC,Gifford,Mourbey,gmourbey8v@cnn.com,100 N Portland Ave
422,hwarmisham8w,8TssSWE6Q,Hiram,Warmisham,hwarmisham8w@a8.net,955 Katy Fwy
423,dyoell8x,Y4t1MoGmn,Damon,Yoell,dyoell8x@hatena.ne.jp,408 Grand St
424,asingyard8y,vrnnLwTp,Almeda,Singyard,asingyard8y@scribd.com,227 Madison St
425,jfelton8z,W5UPuSez,Julieta,Felton,jfelton8z@blogspot.com,955 Katy Fwy
426,skeasley90,Yi60YDlkQF,Shell,Keasley,skeasley90@1688.com,194 E 2nd St
427,dgorsse91,Zs09gwkM,Dixie,Gorsse,dgorsse91@topsy.com,225 Madison St
428,dcommings92,AxfOqQvN,Donovan,Commings,dcommings92@wufoo.com,955 Katy Fwy
429,fhowroyd93,E8L0tCcFV,Frederik,Howroyd,fhowroyd93@apache.org,121 Dekalb Ave
430,ldunstone94,DRyXVPv,Lewie,Dunstone,ldunstone94@goo.ne.jp,987 Manhattan Ave #1
431,jwestcar95,IDcQ0o,Jeffie,Westcar,jwestcar95@bluehost.com,159 E Broadway
432,oleggate96,N2wtAn9l,Orelle,Leggate,oleggate96@altervista.org,244 Broome St
433,jlipscombe97,g8eFWb3,Jamima,Lipscombe,jlipscombe97@hc360.com,100 Delancey St
434,caime98,0q2FUrqvuQO,Collie,Aime,caime98@last.fm,955 Katy Fwy
435,mdixcey99,a8fvL4xBxN,Marrissa,Dixcey,mdixcey99@quantcast.com,94 Greene Ave
436,htytcomb9a,tlRouB,Hewet,Tytcomb,htytcomb9a@reference.com,955 Katy Fwy
437,spidcock9b,tNElo2zqdi,Siffre,Pidcock,spidcock9b@statcounter.com,445 Albee Square W
438,iivy9c,NfNKmz,Ivor,Ivy,iivy9c@a8.net,81 1st Avenue
439,evase9d,kv38zN,Edan,Vase,evase9d@comcast.net,650 Fulton St
440,dgelardi9e,0UNsNuXUsQr,Demetris,Gelardi,dgelardi9e@myspace.com,559 Fulton St
441,aabeau9f,hoH9zhfsg3,Allina,Abeau,aabeau9f@dailymotion.com,101 Clark St
442,eworsnap9g,CHNzBOQOvocy,Elton,Worsnap,eworsnap9g@dmoz.org,101 Clark St
443,doxherd9h,xzxWMDEXF,Daven,Oxherd,doxherd9h@youtu.be,955 Katy Fwy
444,dworsall9i,1arNMjajI,Del,Worsall,dworsall9i@goo.gl,386 Fulton St
445,cbradshaw9j,9mui0JpOGr4,Carmen,Bradshaw,cbradshaw9j@sbwire.com,230 Grand St Suite A1-2
446,piorillo9k,A7COySXHhh,Pearla,Iorillo,piorillo9k@soundcloud.com,108 Bowery
447,lrennolds9l,359mVI,Lisabeth,Rennolds,lrennolds9l@usgs.gov,108 Bowery
448,skindred9m,YG0fSG4Sswr,Shaughn,Kindred,skindred9m@1688.com,86 Bowery 4th Fl
449,ihernik9n,ftyYoa,Isador,Hernik,ihernik9n@deliciousdays.com,298 1st Avenue
450,bflello9o,kJrsTLkNtQZ,Bartholemy,Flello,bflello9o@comsenz.com,992 Fulton St
451,sbolens9p,KR20Ch,Sadella,Bolens,sbolens9p@prweb.com,343 Fulton St
452,bmatokhnin9q,ACPKE3bo6MW,Bessy,Matokhnin,bmatokhnin9q@discovery.com,343 Fulton St
453,ggummery9r,5FBbsfp,George,Gummery,ggummery9r@businessinsider.com,477 Liberty Ave
454,ncowderay9s,sVoVo8XU7h,Nadine,Cowderay,ncowderay9s@pagesperso-orange.fr,589 Crescent St
455,dvanarsdale9t,DyQNuZxEkm,Dody,Van Arsdale,dvanarsdale9t@nature.com,169 Liberty Ave
456,cwickstead9u,AclCtQ51,Cory,Wickstead,cwickstead9u@google.nl,7 101st Ave
457,amarshallsay9v,PRPQJqNh2,Arlene,Marshallsay,amarshallsay9v@jugem.jp,094 Pitkin Ave
458,amarian9w,NIV2ZXlSrYXt,Adah,Marian,amarian9w@digg.com,955 Katy Fwy
459,dkew9x,HXglRg,Donielle,Kew,dkew9x@pbs.org,432 Jamaica Ave
460,dummfrey9y,r2qvRaHa,Dee dee,Ummfrey,dummfrey9y@google.es,14 Linden Blvd
461,kalecock9z,jMHEmMBGCrNy,Katusha,Alecock,kalecock9z@hubpages.com,656 Pennsylvania Ave
462,brajcherta0,FGmXzL,Burk,Rajchert,brajcherta0@washington.edu,22 Jamaica Ave
463,bmcairta1,MZp4Ap,Burlie,McAirt,bmcairta1@reddit.com,22 Jamaica Ave
464,nlauxmanna2,SkIx6MtINrX,Natal,Lauxmann,nlauxmanna2@thetimes.co.uk,955 Katy Fwy
465,dfuncheona3,pw1GyWVUr,Dolph,Funcheon,dfuncheona3@wordpress.com,891 Eastern Pkwy
466,rpiattia4,G1eKo12mxk,Rolph,Piatti,rpiattia4@smugmug.com,891 Eastern Pkwy
467,ewornhama5,zi7OzGYoo,Eugenius,Wornham,ewornhama5@google.pl,797 Pitkin Ave
468,lallansona6,EJ07CTCZq5,Lanie,Allanson,lallansona6@t-online.de,28 Cooper Ave
469,djeynesa7,SysCQa,Decca,Jeynes,djeynesa7@nba.com,771 Broadway
470,lmarriagea8,hQ6CKeti973,Linea,Marriage,lmarriagea8@mysql.com,10 Jamaica Ave
471,ppenkea9,J1l6SUHeU,Prudi,Penke,ppenkea9@ocn.ne.jp,922 Jamaica Ave
472,belsyaa,6j9Cb1tkL,Bradford,Elsy,belsyaa@wikia.com,21 Myrtle Ave
473,hscrubyab,uNLVE2RvX7c,Haze,Scruby,hscrubyab@bloglovin.com,17 Myrtle Ave
474,zburtwellac,sT0lH3M64S,Zaneta,Burtwell,zburtwellac@psu.edu,10 Atlantic Ave
475,ddomelowad,CfvFvMcl,Danette,Domelow,ddomelowad@squarespace.com,036 Myrtle Ave
476,swraighteae,VRUYhp,Sabra,Wraighte,swraighteae@opensource.org,24 Rockaway Blvd
477,jbuxseyaf,G1DTJGnLjL,Jordana,Buxsey,jbuxseyaf@oaic.gov.au,111 Granville Payne Ave
478,fgoffordag,T2y0ICe,Felice,Gofford,fgoffordag@webs.com,51 Fresh Pond Rd
479,kforreah,yZzGcpkO,Katina,Forre,kforreah@earthlink.net,51 Fresh Pond Rd #3sto
480,apirozziai,xXgjy5hKkOtP,Aviva,Pirozzi,apirozziai@youku.com,631 Pitkin Ave
481,drowberryaj,NdbUAYlxeML,Dusty,Rowberry,drowberryaj@washingtonpost.com,110 Pennsylvania Ave Suite 7&8
482,crogansak,PTULTz17YptI,Cicely,Rogans,crogansak@nasa.gov,110 Pennsylvania Ave
483,ksplavenal,LmlU4ML,Kassey,Splaven,ksplavenal@drupal.org,02 Jamaica Ave
484,haskeram,bqe1ka1,Hakim,Asker,haskeram@washingtonpost.com,960 Halsey St
485,tbigadikean,Q02a7vOtCCAs,Trev,Bigadike,tbigadikean@tumblr.com,87 Woodhaven Blvd
486,fpettetao,N5vCGTR7Dyiv,Forrester,Pettet,fpettetao@istockphoto.com,87 Woodhaven Blvd
487,rigounetap,61DiGr0mpEhG,Rhys,Igounet,rigounetap@webmd.com,820 Wyckoff Ave
488,clenhamaq,cm1qtVo,Carlye,Lenham,clenhamaq@imageshack.us,955 Katy Fwy
489,hmattimoear,zv1EINhM,Hadleigh,Mattimoe,hmattimoear@so-net.ne.jp,60 Myrtle Ave
490,jbachas,lAn5LCyeVy,Jeffry,Bach,jbachas@artisteer.com,02 Rockaway Blvd
491,fsnoxellat,cfLolpj,Ferdinande,Snoxell,fsnoxellat@360.cn,18 Myrtle Ave
492,crosenblattau,1LQz9MMT8o,Channa,Rosenblatt,crosenblattau@dyndns.org,955 Katy Fwy
493,rbigglestoneav,F47IZTuwvU,Rosemonde,Bigglestone,rbigglestoneav@sourceforge.net,55 Fresh Pond Rd
494,swhicheraw,p3LZliE,Stefania,Whicher,swhicheraw@amazonaws.com,411 Myrtle Ave
495,glambertax,KBDA6n,Gabie,Lambert,glambertax@vimeo.com,30  Atlantic Avenue
496,jhineray,yZ6RfCRRTx,Jasmine,Hiner,jhineray@last.fm,955 Katy Fwy
497,hstreatleyaz,IZLwaeN,Henry,Streatley,hstreatleyaz@histats.com,950 Fulton St
498,rhailesb0,bkTxn5BHpE,Russell,Hailes,rhailesb0@unblog.fr,310 Pennsylvania Ave 1st Floor
499,jkorpalb1,a4bQxq,Jonell,Korpal,jkorpalb1@macromedia.com,312 Ralph Ave
500,bmalenfantb2,pVz0u2,Britte,Malenfant,bmalenfantb2@yolasite.com,955 Katy Fwy
501,hvarvarab3,qkqs7s,Herman,Varvara,hvarvarab3@bing.com,923 Strickland Ave
502,ktoupeb4,nVdahEXx,Kip,Toupe,ktoupeb4@unc.edu,716 Avenue U
503,pneilandb5,tX6k3hK8Ll0X,Papageno,Neiland,pneilandb5@aol.com,325 Flatbush Ave
504,mblanningb6,WTireDz7pd,Mabel,Blanning,mblanningb6@t-online.de,064 Mill Ave
505,bliversleyb7,ceUHoP5E,Beverly,Liversley,bliversleyb7@amazon.de,083 E 65th St
506,ksentanceb8,MorFULkg,Kim,Sentance,ksentanceb8@globo.com,955 Katy Fwy
507,tcristobalb9,T9Ffz7KYyARY,Teodor,Cristobal,tcristobalb9@fotki.com,265 Ralph Ave
508,bmelsomeba,fJ1DKKpPN,Bobby,Melsome,bmelsomeba@apache.org,082 Avenue U
509,mmiddlerbb,8Uc0SSDw5o,Mitchell,Middler,mmiddlerbb@jiathis.com,915 Flatlands Ave
510,mvoletbc,4xslMl0,Man,Volet,mvoletbc@tripadvisor.com,791 Utica Ave
511,kchiommientibd,zhRr9uoQF,Kynthia,Chiommienti,kchiommientibd@home.pl,955 Katy Fwy
512,wstanbrobe,QF8i5V8j,Welch,Stanbro,wstanbrobe@japanpost.jp,577 Nostrand Ave.
513,smarshbf,Jf9skiSzM,Shanda,Marsh,smarshbf@mlb.com,823 Nostrand Ave.
514,flabrenzbg,4jXCZZo0,Fifi,Labrenz,flabrenzbg@flavors.me,812 Flatlands Ave
515,hskelingtonbh,Q7St6NHg,Hillary,Skelington,hskelingtonbh@sciencedaily.com,711 Ralph Ave
516,aflaunierbi,TPrVxckJp,Ahmed,Flaunier,aflaunierbi@google.it,955 Katy Fwy
517,kdingsdalebj,qpZMTb1FxT,Kenton,Dingsdale,kdingsdalebj@arizona.edu,002 Avenue U
518,gabramovitzbk,RFK7KiT5pZC,Gigi,Abramovitz,gabramovitzbk@youtube.com,361 Nostrand Ave.
519,bmcquarriebl,sYlrb9rZhpeJ,Brittne,McQuarrie,bmcquarriebl@admin.ch,908 Avenue U
520,sfurmagierbm,LpMqDMSzsr,Skippy,Furmagier,sfurmagierbm@theatlantic.com,955 Katy Fwy
521,scotterrillbn,WfjAeSW,Sergei,Cotterrill,scotterrillbn@mlb.com,218 Avenue X
522,jcorterbo,Md86XY4tgcdu,Jessamyn,Corter,jcorterbo@marriott.com,720 Kings Hwy
523,casberybp,qpewUc5tDvv,Cort,Asbery,casberybp@wiley.com,955 Katy Fwy
524,jbenchbq,Bo0pmsAJu,Jenelle,Bench,jbenchbq@comcast.net,215 Avenue H #1p
525,fyukhninibr,TnU89eKqpw,Francine,Yukhnini,fyukhninibr@thetimes.co.uk,955 Katy Fwy
526,wwestripbs,PoaGyB,Winston,Westrip,wwestripbs@yandex.ru,508 Avenue U
527,hdraysaybt,QdMbYlT,Hillie,Draysay,hdraysaybt@hostgator.com,312 Kings Hwy
528,rdawidowitzbu,eA0Mfha01,Rennie,Dawidowitz,rdawidowitzbu@irs.gov,604 Ave. M
529,ajaraybv,qVtvm423oP,Ashley,Jaray,ajaraybv@sphinn.com,559 Flatbush Ave
530,tmcgrillbw,rcraEzkwGP,Tanitansy,McGrill,tmcgrillbw@comsenz.com,981 Ocean Ave
531,fsnazelbx,mjmQ2bF,Frannie,Snazel,fsnazelbx@over-blog.com,710 Ave Y
532,apawlaczykby,bXjwoAzk44Wi,Andy,Pawlaczyk,apawlaczykby@discovery.com,946 Kings Hwy
533,mgasgarthbz,BMGu3U,Micki,Gasgarth,mgasgarthbz@github.io,014 Flatlands Ave
534,mwinshipc0,Bfd158h,Muffin,Winship,mwinshipc0@vkontakte.ru,180 E 92nd St
535,jkupkerc1,FsnmDT8Ygrx9,Julee,Kupker,jkupkerc1@google.com.au,122 Chestnut Ave
536,cblemenc2,hRD6lcXbY0e,Ceil,Blemen,cblemenc2@naver.com,738 Seaview Ave
537,asetterthwaitc3,vZVkDq4sQGy,Atlanta,Setterthwait,asetterthwaitc3@oaic.gov.au,847 Rockaway Pkwy
538,efliegc4,eYaCfKVkqMYM,Essie,Flieg,efliegc4@fema.gov,123 Avenue D
539,mcusiterc5,XNNlsyPi,Myrwyn,Cusiter,mcusiterc5@geocities.com,955 Katy Fwy
540,gpickburnc6,8lTogr020K,Grover,Pickburn,gpickburnc6@webeden.co.uk,409 Avenue J
541,spinnc7,g1p5uqONTqxb,Samantha,Pinn,spinnc7@home.pl,590 Coney Island Ave
542,dbrodiec8,DSHoJwE1,Dre,Brodie,dbrodiec8@qq.com,199 Ocean Ave Site A
543,mbacupc9,OUIrF8TmQJtA,Michail,Bacup,mbacupc9@npr.org,836 Coney Island Ave
544,astlegerca,cqrraEB6QY,Ann,St Leger,astlegerca@tumblr.com,456 Avenue P Store 1
545,kgourlaycb,yRMMrFL,Karol,Gourlay,kgourlaycb@tmall.com,955 Katy Fwy
546,gpoutoncc,gjoxzMOxH,Genevra,Pouton,gpoutoncc@weather.com,104 West End Ave
547,gglitherowcd,m1xxEBm,Giuseppe,Glitherow,gglitherowcd@oaic.gov.au,610 E 16th St
548,ehannence,dYgPCP,Elmer,Hannen,ehannence@hatena.ne.jp,706 Banner Ave
549,vbaitsoncf,uOGhgWWn8,Vincenz,Baitson,vbaitsoncf@nhs.uk,400 Avenue X
550,jdarkecg,g1SPdVcsYHc,Jaymie,Darke,jdarkecg@1und1.de,955 Katy Fwy
551,dwetherbych,y2shsgHnB5r,Dory,Wetherby,dwetherbych@yandex.ru,983 Hawthorne Blvd
552,emeriguetci,b70IzezA15Rg,Erena,Meriguet,emeriguetci@jigsy.com,955 Katy Fwy
553,pleamingcj,6RQWWr50,Peria,Leaming,pleamingcj@sciencedaily.com,215 W Imperial Hwy
554,egarnsonck,UWvubVF59n,Eb,Garnson,egarnsonck@networksolutions.com,560 W Century Blvd
555,arenshawcl,a9Z0Vfzu,Adey,Renshaw,arenshawcl@domainmarket.com,955 Katy Fwy
556,sclothiercm,AyMAHpqPO94,Sully,Clothier,sclothiercm@jimdo.com,340 Crenshaw Blvd
557,acullincn,ZWAMWMRl,Andras,Cullin,acullincn@i2i.jp,955 Katy Fwy
558,kmelroseco,Xa5x9wNfUg9,Kym,Melrose,kmelroseco@dedecms.com,331 W Century Blvd
559,klansberrycp,PNvRGrLTS,Kin,Lansberry,klansberrycp@mayoclinic.com,955 Katy Fwy
560,cneweycq,3Fp4gKy,Chantal,Newey,cneweycq@sun.com,501 W El Segundo Blvd Suite B
561,ttwinbournecr,fxGeeQK2c,Tommi,Twinbourne,ttwinbournecr@home.pl,250 Prairie Ave
562,hdurbyncs,okj8iEj,Helli,Durbyn,hdurbyncs@newsvine.com,955 Katy Fwy
563,bpinksct,IIG5R9Gocg,Bibbie,Pinks,bpinksct@webeden.co.uk,955 Katy Fwy
564,mrittmeyercu,QsVIUh50n,Maryellen,Rittmeyer,mrittmeyercu@photobucket.com,955 Katy Fwy
565,edallaghancv,situZnONvpuP,Ellene,Dallaghan,edallaghancv@gov.uk,500 E Manchester Blvd
566,jchadbournecw,4bV6d8Dpz,Jermayne,Chadbourne,jchadbournecw@google.co.uk,441 S Inglewood Ave
567,jadraincx,ACKO3xgQ,Joel,Adrain,jadraincx@tripadvisor.com,955 Katy Fwy
568,iheerscy,VLsVgQd,Irvin,Heers,iheerscy@histats.com,955 Katy Fwy
569,hchadbandcz,eAUHLv0aB,Hildegarde,Chadband,hchadbandcz@vk.com,501 Hindry Ave
570,kopferd0,CES52Aj4wT,Kirsti,Opfer,kopferd0@prnewswire.com,230 N La Brea Ave
571,swessingd1,TYqkEOuX,Sadella,Wessing,swessingd1@globo.com,555 W 110th St
572,qeastd2,ZamBIKzH,Quillan,East,qeastd2@prnewswire.com,001 Inglewood Ave
573,aclipstond3,ZMRQSb,Agustin,Clipston,aclipstond3@economist.com,500 N Sepulveda Blvd
574,bbaulcombed4,iG5wsKC,Bill,Baulcombe,bbaulcombed4@etsy.com,331 N Pacific Coast Hwy
575,ssimakd5,ZySWuZcV,Sonny,Simak,ssimakd5@imdb.com,955 Katy Fwy
576,aduffetd6,7xAxKvke,Antin,Duffet,aduffetd6@uol.com.br,955 Katy Fwy
577,pzoppied7,V9wbFM0dLiW,Philip,Zoppie,pzoppied7@pinterest.com,955 Katy Fwy
578,hfairpoold8,TdeVPdLze0,Helene,Fairpool,hfairpoold8@eventbrite.com,955 Katy Fwy
579,bpilsworthd9,C8ge2YA8,Bobbe,Pilsworth,bpilsworthd9@msu.edu,955 Katy Fwy
580,lhillinda,dn1FLtv2x18,Lissi,Hillin,lhillinda@alexa.com,955 Katy Fwy
581,bwaddamsdb,EopNSGeZbsE,Birch,Waddams,bwaddamsdb@cocolog-nifty.com,201 W Redondo Beach Blvd
582,qibbesondc,OH5ChKQUIsC,Quintina,Ibbeson,qibbesondc@sciencedirect.com,435 S Western Ave
583,zwoodwingdd,eR0pGxwQi3E,Zandra,Woodwing,zwoodwingdd@pen.io,955 Katy Fwy
584,sbedbroughde,9T0NbbsTU,Sherye,Bedbrough,sbedbroughde@chicagotribune.com,955 Katy Fwy
585,efeakedf,AojoxpAEz7,Elly,Feake,efeakedf@aol.com,400 N Sepulveda Blvd
586,vmanderdg,SU6a3ICP,Vassili,Mander,vmanderdg@exblog.jp,220 E Grand Ave
587,efairningtondh,JIdwoDmR,Esme,Fairnington,efairningtondh@narod.ru,955 Katy Fwy
588,idunnicodi,Q8TvLtcZf,Isobel,Dunnico,idunnicodi@a8.net,955 Katy Fwy
589,zaleksicdj,sTVSgjtM3L,Zeb,Aleksic,zaleksicdj@about.com,955 Katy Fwy
590,aayliffdk,f9yZ0L,Alanah,Ayliff,aayliffdk@google.cn,321 Hawthorne Blvd
591,bdosdaledl,KeDnYETK,Barbette,Dosdale,bdosdaledl@yolasite.com,344 W Redondo Beach Blvd
592,bwyantdm,cfqCsN,Britteny,Wyant,bwyantdm@stanford.edu,860 Artesia Blvd
593,cmatyatindn,W9Ngr4U,Crawford,Matyatin,cmatyatindn@ycombinator.com,260 W Redondo Beach Blvd
594,tthrelkelddo,ClNRexlugj,Therine,Threlkeld,tthrelkelddo@hostgator.com,208 W Redondo Beach Blvd
595,abirrelldp,o9m66px79,Adolphe,Birrell,abirrelldp@fda.gov,145 W Redondo Beach Blvd
596,pleberdq,Qu2cvB,Page,Leber,pleberdq@webnode.com,955 Katy Fwy
597,cfleaydr,CQC8TNVrqCn,Corrine,Fleay,cfleaydr@wordpress.org,955 Katy Fwy
598,syepiskopovds,TLdBHuE4,Sloane,Yepiskopov,syepiskopovds@angelfire.com,230 W Slauson Ave
599,nmccaydt,BxZO3Wyxp,Nathalie,McCay,nmccaydt@meetup.com,955 Katy Fwy
600,sdalydu,PkPe5yoBgBRd,Sher,Daly,sdalydu@wsj.com,330 Broadway
601,tcayettedv,lftCF0lgx22,Tarrance,Cayette,tcayettedv@microsoft.com,330 Broadway
602,dotridgedw,cxnWW0,De witt,Otridge,dotridgedw@list-manage.com,420 Broadway
603,mkivlehandx,6VlHNn,Marielle,Kivlehan,mkivlehandx@wufoo.com,77 Broadway
604,nwillsheardy,O7CXNmMm7TW,Norbie,Willshear,nwillsheardy@independent.co.uk,45 Broadway
605,sdionsettodz,8krk2ThdxKwq,Shanda,Dionsetto,sdionsettodz@pbs.org,02 82nd St
606,macorse0,qtObuR3BW,Milli,Acors,macorse0@slashdot.org,14 Broadway
607,lhuckstere1,LpEFXZAq3c2j,Lyda,Huckster,lhuckstere1@github.com,14 Broadway
608,edesouzae2,pzbH2Miv,Eleonora,De Souza,edesouzae2@rambler.ru,29 Grand Ave
609,cpicknette3,5OulVV9PFAAQ,Cordelie,Picknett,cpicknette3@ftc.gov,808 55th Ave
610,pristee4,Qjv1B29h3O,Paddie,Riste,pristee4@admin.ch,955 Katy Fwy
611,dbraziere5,AIQb7Hjq,Dinny,Brazier,dbraziere5@tmall.com,04 Corona Ave.
612,bhartleburye6,l4sbqoJOQs,Bay,Hartlebury,bhartleburye6@flickr.com,87 35 Britton Ave Elmhurst
613,ljerkee7,iSHQ7OwAJ,Lilas,Jerke,ljerkee7@angelfire.com,20 Roosevelt Ave
614,ccapaldie8,TXJToTC5,Cathlene,Capaldi,ccapaldie8@flavors.me,766 82nd St
615,npanyere9,gfg6PQNY6J,Natasha,Panyer,npanyere9@hao123.com,33 82nd St
616,kkastelea,1RN44vm,Klement,Kastel,kkastelea@is.gd,08 Roosevelt Ave
617,ljacsoneb,0jymnAEZ3Pi,Launce,Jacson,ljacsoneb@dot.gov,20 37th Ave
618,ofanteec,HMSTgJo,Odilia,Fante,ofanteec@umich.edu,19 37th Ave
619,rstented,iMzUXltjMC5,Rycca,Stent,rstented@blogspot.com,13 37th Ave
620,npailee,bSURppbRJcAH,Noam,Pail,npailee@ox.ac.uk,17 Grand Ave
621,mbasilioef,N71Qvmw8tT,Merwyn,Basilio,mbasilioef@nhs.uk,08 37th Ave
622,vmackinnoneg,sPDv2ibs,Vlad,MacKinnon,vmackinnoneg@sohu.com,402 Grand Avenue Unit A
623,mcribbinseh,F9hSHCDQ,Miriam,Cribbins,mcribbinseh@wisc.edu,605 57th Ave
624,casaafei,rVg51QAQO,Colver,Asaaf,casaafei@i2i.jp,10 Junction Blvd
625,jkuhnkeej,BNWhdc,Jacki,Kuhnke,jkuhnkeej@yale.edu,301 37th Ave
626,fbestek,qs3NlwEXz,Farand,Best,fbestek@networkadvertising.org,06 Junction Blvd
627,tmeggisonel,Cgi6UjrrmJ,Tuck,Meggison,tmeggisonel@wikimedia.org,35 Junction Blvd
628,jbrinkmanem,4XCHTKP,Jaquelin,Brinkman,jbrinkmanem@ustream.tv,011 Eliot Ave
629,bmcfeaten,esnEM5CN821,Boniface,McFeat,bmcfeaten@latimes.com,54 Junction Blvd
630,bcervanteseo,QnQxwm,Brenda,Cervantes,bcervanteseo@sitemeter.com,16 Grand Ave
631,wgowdridgeep,z1zXtO0c9wdJ,Wyatan,Gowdridge,wgowdridgeep@fda.gov,N/A
632,gdawtryeq,MVunmSII,Godfry,Dawtry,gdawtryeq@clickbank.net,N/A
633,kdayerer,3BkiZpyTSfe,Krissie,Dayer,kdayerer@instagram.com,822 99th St
634,adonaties,E1n9gba,Alexandre,Donati,adonaties@weibo.com,10 Northern Blvd
635,bsparyet,e3pTgcZS,Berk,Spary,bsparyet@example.com,14 Northern Blvd
636,esykeseu,4K0dnRe,Erskine,Sykes,esykeseu@shutterfly.com,955 Katy Fwy
637,pnawtonev,w8Ti4KG,Pren,Nawton,pnawtonev@e-recht24.de,14 Roosevelt Ave
638,bgoldupew,7XioolMzcs,Bianca,Goldup,bgoldupew@oaic.gov.au,19 Roosevelt Ave
639,esadlerex,Mt7SyHuXpM,Edgard,Sadler,esadlerex@ycombinator.com,511 63rd Dr
640,rstepheney,WGRty8LkQ8a,Rudolph,Stephen,rstepheney@weather.com,955 Katy Fwy
641,acardenasez,ka9hbovOu,Arturo,Cardenas,acardenasez@alexa.com,14 63rd Dr
642,mrousbyf0,Swxf8qQWr44,Matthias,Rousby,mrousbyf0@mashable.com,71 103rd St
643,mhingeleyf1,vySR4Qhjbi,Marys,Hingeley,mhingeleyf1@unblog.fr,13 Junction Blvd
644,mcrutchf2,YNjRvUnauPqW,Mikel,Crutch,mcrutchf2@woothemes.com,955 Katy Fwy
645,kstittlef3,AcIinf,Karia,Stittle,kstittlef3@jalbum.net,955 Katy Fwy
646,rbalentynef4,YXjr3RCk6O,Rickey,Balentyne,rbalentynef4@tiny.cc,26 Woodside Ave
647,ddowthwaitef5,xCPcLcfq,Dorthy,Dowthwaite,ddowthwaitef5@go.com,002 Roosevelt Ave
648,csandifordf6,vXUUyOmPloL,Chantalle,Sandiford,csandifordf6@latimes.com,01 Queens Blvd
649,emervynf7,Logg4RuFl6fc,Evania,Mervyn,emervynf7@imdb.com,75 31st Ave
650,ggaspardf8,2BpdwxYkXn02,Glenn,Gaspard,ggaspardf8@jalbum.net,803 Foothill Blvd
651,cdesremediosf9,dkshYhwF28Sn,Chancey,des Remedios,cdesremediosf9@washington.edu,955 Katy Fwy
652,tbeddiefa,lq20nBD,Thebault,Beddie,tbeddiefa@state.tx.us,050 Glenoaks Blvd
653,efronsekfb,M8n1ZrdqmG1,Eliot,Fronsek,efronsekfb@cmu.edu,955 Katy Fwy
654,mgoriolifc,THr7ar3wc6Xy,Mayne,Gorioli,mgoriolifc@mashable.com,727 Rinaldi St
655,sbesnardfd,OomWMxGUm1qg,Sile,Besnard,sbesnardfd@globo.com,550 Paxton St
656,rlimonfe,ofLeAF2py8y6,Ritchie,Limon,rlimonfe@sfgate.com,955 Katy Fwy
657,ccrowneff,mBrBzpdBhpa,Chicky,Crowne,ccrowneff@diigo.com,739 Van Nuys Blvd
658,jmeighfg,Yfrr1PpiJtT,Justus,Meigh,jmeighfg@omniture.com,955 Katy Fwy
659,bmarzellanofh,TQ5bumumkC,Bettine,Marzellano,bmarzellanofh@google.fr,349 Sepulveda Blvd
660,hduganfi,uePeXREj,Heidie,Dugan,hduganfi@rakuten.co.jp,750 Woodman Ave
661,bgruczkafj,B5PFhT,Bernette,Gruczka,bgruczkafj@pbs.org,830 San Fernando Mission Blvd
662,wconechiefk,apZygQ8Me,Willa,Conechie,wconechiefk@last.fm,955 Katy Fwy
663,ebaudfl,mmF4SU9OBLB,Em,Baud,ebaudfl@msn.com,955 Katy Fwy
664,dcissonfm,yrITeAUsj,Davon,Cisson,dcissonfm@last.fm,955 Katy Fwy
665,druncimanfn,dgdUH2c,Den,Runciman,druncimanfn@sfgate.com,010 Chatsworth St
666,jcasolfo,CidNxNvcVY,Johan,Casol,jcasolfo@webeden.co.uk,940 Devonshire St
667,tnaismithfp,ghfQAs4E,Tani,Naismith,tnaismithfp@flickr.com,955 Katy Fwy
668,ecolbrunfq,SDinSi,Elnore,Colbrun,ecolbrunfq@deliciousdays.com,955 Katy Fwy
669,kstarkingsfr,i5j7YhuFe,Kary,Starkings,kstarkingsfr@yandex.ru,530 Nordhoff St
670,dpetrishchevfs,DUDRjYd0Yy,Delphinia,Petrishchev,dpetrishchevfs@creativecommons.org,316 Nordhoff St
671,tclanceyft,rDCYwfAfqzV,Tito,Clancey,tclanceyft@typepad.com,823 Zelzah Ave Bldg D
672,okneaphseyfu,DAWOgE2rc,Obadiah,Kneaphsey,okneaphseyfu@economist.com,955 Katy Fwy
673,gamisfv,bizDmNsQiY,Granger,Amis,gamisfv@discovery.com,400 Van Nuys Blvd
674,rbaglanfw,mQJkfOCTrnS,Randy,Baglan,rbaglanfw@reuters.com,955 Katy Fwy
675,hwhistlecraftfx,m96BNBKNYUU,Herbert,Whistlecraft,hwhistlecraftfx@pcworld.com,333 Van Nuys Blvd
676,hwalbrookfy,5ILJ0MfCi4Q,Heloise,Walbrook,hwalbrookfy@alexa.com,652 Cantara St
677,arubicafz,FzmmlC1Ux,Ashla,Rubica,arubicafz@ebay.co.uk,955 Katy Fwy
678,bosmentg0,T24I7j,Benn,Osment,bosmentg0@ocn.ne.jp,955 Katy Fwy
679,prigmondg1,C17PJBWUgb,Pansy,Rigmond,prigmondg1@buzzfeed.com,515 Devonshire St
680,bfairlamg2,eTKdkZ26rpfE,Briney,Fairlam,bfairlamg2@yahoo.co.jp,649 Vía Princessa
681,bmorrowg3,eQvqUdpRSqj,Bree,Morrow,bmorrowg3@dailymotion.com,955 Katy Fwy
682,cfranzkeg4,4APpGghymN6,Chance,Franzke,cfranzkeg4@meetup.com,955 Katy Fwy
683,cgietzg5,4YIiwsw,Coretta,Gietz,cgietzg5@bbc.co.uk,955 Katy Fwy
684,molanderg6,OcjsNms,Modestia,Olander,molanderg6@wisc.edu,444 Plummer St
685,cphlippig7,fIMACE,Chickie,Phlippi,cphlippig7@google.ca,313 Roscoe Blvd
686,lcrankeg8,VOHlFJZ,Libbi,Cranke,lcrankeg8@flickr.com,465 Sunland Blvd
687,izorzig9,Q3Pv618U,Iorgos,Zorzi,izorzig9@dropbox.com,534 Sierra Hwy
688,gcrewsga,UlmXODOJ70yN,Gwen,Crews,gcrewsga@webs.com,781 Rinaldi St
689,dkebellgb,vD8p2jxcdt,Drona,Kebell,dkebellgb@jiathis.com,239 Woodman Ave
690,kbateripgc,kgWN86ZZoMg,Kenon,Baterip,kbateripgc@imageshack.us,790 Valley St
691,lmckillopgd,iHSY4L1dAr,Langston,McKillop,lmckillopgd@fastcompany.com,955 Katy Fwy
692,ctilfordge,Kow3D3,Chico,Tilford,ctilfordge@cam.ac.uk,266 Soledad Canyon Rd
693,tthurnergf,SiEIkroTLqY,Torrance,Thurner,tthurnergf@apple.com,955 Katy Fwy
694,scorroyergg,W15fBZAtt9,Shellysheldon,Corroyer,scorroyergg@sourceforge.net,155 Van Nuys Blvd
695,mwattsgh,rvnFkuNk,Milly,Watts,mwattsgh@globo.com,821 Rinaldi St
696,raleswellgi,DL3xvcfDZynw,Rafferty,Aleswell,raleswellgi@twitter.com,254 White Oak Ave #4
697,froggerogj,efE2NkoMCz,Fay,Roggero,froggerogj@feedburner.com,955 Katy Fwy
698,wkornelukgk,Pyk0p4,William,Korneluk,wkornelukgk@studiopress.com,628 Reseda Blvd
699,sacarsongl,l2priBKT5rL,Silva,Acarson,sacarsongl@wikispaces.com,955 Katy Fwy
700,lbreinlgm,45h01PGHRuo4,Lida,Breinl,lbreinlgm@weebly.com,111 E Artesia Blvd
701,nbrinsfordgn,fJoakn4zvBB,Noell,Brinsford,nbrinsfordgn@bravesites.com,955 Katy Fwy
702,gtwiddellgo,I5vWrlO,Gustavus,Twiddell,gtwiddellgo@flickr.com,955 Katy Fwy
703,tcattelgp,vvR5ORSz,Trixie,Cattel,tcattelgp@spiegel.de,715 Atlantic Ave 2nd Floor
704,ebeavongq,gRbGQ0nbmUR,Eddie,Beavon,ebeavongq@de.vu,955 Katy Fwy
705,zbulloughgr,34xoVHh,Zed,Bullough,zbulloughgr@miibeian.gov.cn,107 S Long Beach Blvd
706,wmckennangs,svwHWXQ,Willow,McKennan,wmckennangs@w3.org,301 San Jose Avenue ;
707,mubsdallgt,1vnjAjaPh,Myriam,Ubsdall,mubsdallgt@nyu.edu,955 Katy Fwy
708,ebalshawgu,nCv7XgxPG6aT,Enoch,Balshaw,ebalshawgu@opera.com,500 E Compton Blvd
709,ltaylotgv,cHMZuF4os15,Luis,Taylot,ltaylotgv@istockphoto.com,955 Katy Fwy
710,rbellhangergw,OtbLL0O,Rey,Bellhanger,rbellhangergw@tripod.com,955 Katy Fwy
711,gmownegx,z8LpN1B,Garik,Mowne,gmownegx@dyndns.org,550 Atlantic Ave
712,cgradygy,IJRMhf,Cristiano,Grady,cgradygy@example.com,402 Atlantic Ave
713,ddurangz,l3yJfV,Darbee,Duran,ddurangz@cbc.ca,415 Colorado Ave Unit 102
714,floveitth0,CaWSKyP,Franchot,Loveitt,floveitth0@surveymonkey.com,955 Katy Fwy
715,slambeh1,gs8sviim,Sibelle,Lambe,slambeh1@flavors.me,100 N Long Beach Blvd
716,shaskellh2,MXQpTXgQr,Sandie,Haskell,shaskellh2@wordpress.com,010 2nd St
717,naucotth3,01oKpHys8Z2,Norene,Aucott,naucotth3@acquirethisname.com,705 E South St
718,melvinh4,nUjRQYw2TT,Man,Elvin,melvinh4@wp.com,447 Alondra Blvd
719,iborkinh5,2YGjK0o,Izaak,Borkin,iborkinh5@mit.edu,955 Katy Fwy
720,rgonthardh6,olPmYIwdShN5,Rivy,Gonthard,rgonthardh6@parallels.com,250 E Carson St
721,wduckersh7,OdNrBci3fCC,Wylma,Duckers,wduckersh7@home.pl,955 Katy Fwy
722,cquartermanh8,RjuZ3ifQ,Cleo,Quarterman,cquartermanh8@ebay.co.uk,570 Atlantic Ave
723,rwardingtonh9,d3NeJN87US,Rafi,Wardington,rwardingtonh9@cbc.ca,955 Katy Fwy
724,apilmoreha,VWjHN7xir,Ashleigh,Pilmore,apilmoreha@google.ca,955 Katy Fwy
725,jmacgaugheyhb,oNvKjxwc1,Jacinta,MacGaughey,jmacgaugheyhb@ning.com,770 E Carson St
726,sborsihc,QwFrxaU1,Scarlet,Borsi,sborsihc@biblegateway.com,955 Katy Fwy
727,cwilcockhd,FyTe8Vo,Cornela,Wilcock,cwilcockhd@jimdo.com,115 N Wilmington Ave
728,jaershe,sqRfl5ci,Jessie,Aers,jaershe@boston.com,955 Katy Fwy
729,wmiguethf,MorFDfRXkq,Weber,Miguet,wmiguethf@shinystat.com,340 Faculty Ave
730,adallossohg,JYYczNBfQELE,Andris,Dallosso,adallossohg@behance.net,501 Lakewood Blvd
731,apiggremhh,QwAJacN1ZsEe,Amalia,Piggrem,apiggremhh@barnesandnoble.com,001 N Central Ave
732,amccriehi,zLFlrZbb37D,Angil,McCrie,amccriehi@netscape.com,955 Katy Fwy
733,jgreenwellhj,lVvhJz0Vx,Jerome,Greenwell,jgreenwellhj@paginegialle.it,226 S Avalon Blvd
734,awilleshk,TPw7rtlxyux,Agnesse,Willes,awilleshk@nifty.com,955 Katy Fwy
735,jtighthl,KhRuP7Z1q,Jacki,Tight,jtighthl@unblog.fr,325 Long Beach Blvd
736,alygohm,xn5LpmoT,Anny,Lygo,alygohm@time.com,604 Artesia Blvd Ste 202
737,pzienkiewiczhn,tgq9JVs,Pearline,Zienkiewicz,pzienkiewiczhn@answers.com,031 Rosecrans Ave
738,rmacho,SWYhf9Lp0,Roosevelt,Mac,rmacho@prweb.com,628 E Imperial Hwy # 301
739,asunnerhp,U00cmy4,Addia,Sunner,asunnerhp@whitehouse.gov,351 E Imperial Hwy
740,rmuneelyhq,mmWrxGu5SE,Rawley,Muneely,rmuneelyhq@twitter.com,900 Bellflower Blvd
741,hduhamhr,6EzSYvM,Homere,Duham,hduhamhr@trellian.com,021 Wilmington Avenue
742,gbjerkanhs,1c8DOu,Georgianna,Bjerkan,gbjerkanhs@princeton.edu,750 Wilmington Ave
743,wolliffeht,DEfE7VdwdNc,Winifield,Olliffe,wolliffeht@businessinsider.com,627 Pacific Ave
744,rmartinethu,Mxog4hrn,Rhodie,Martinet,rmartinethu@liveinternet.ru,955 Katy Fwy
745,idodameadhv,jPkFcnWl4c9A,Isidoro,Dodamead,idodameadhv@rediff.com,924 Bellflower Blvd
746,ewinearhw,qnafTnIjFD0A,Erie,Winear,ewinearhw@fastcompany.com,633 Atlantic Ave
747,rrecherthx,DZWaR2jL,Riki,Rechert,rrecherthx@chronoengine.com,633 Atlantic Ave
748,njaffrahy,MpPqNci,Naoma,Jaffra,njaffrahy@webmd.com,030 Imperial Hwy
749,rbrainhz,Y78CRlnk7m,Rahel,Brain,rbrainhz@samsung.com,955 Katy Fwy
750,rscrammagei0,fadO2BuCovnP,Ripley,Scrammage,rscrammagei0@shinystat.com,842 Main St Ste 203
751,dwilkini1,Mrzp0Nxp,Dalt,Wilkin,dwilkini1@blinklist.com,555 Preston Rd
752,tkrolli2,m2VTob8,Tiffy,Kroll,tkrolli2@zdnet.com,500 Preston Rd
753,cwhetnalli3,o9Smuj1ZKtQc,Cymbre,Whetnall,cwhetnalli3@boston.com,955 Katy Fwy
754,elissimorei4,6phiXdaP69g,Eliza,Lissimore,elissimorei4@narod.ru,955 Katy Fwy
755,doraffertyi5,naBY5G,Dev,O'Rafferty,doraffertyi5@dyndns.org,220 Dallas Pkwy
756,anashi6,n2rChfXcBGCS,Anabal,Nash,anashi6@delicious.com,501 Wade Blvd #1020
757,fpatmorei7,HXCvrmgjI,Fan,Patmore,fpatmorei7@soup.io,955 Katy Fwy
758,bginnetyi8,9ddLApKo,Basil,Ginnety,bginnetyi8@craigslist.org,999 Dallas Pkwy
759,jevequei9,cUjEOv3,Juana,Eveque,jevequei9@nba.com,205 Main St
760,hhingeia,tXkTnSMS,Hildy,Hinge,hhingeia@businessinsider.com,049 Preston Rd
761,ohunstonib,6Tsd0MO5e7nc,Oralie,Hunston,ohunstonib@wikipedia.org,030 Main St
762,lparkinic,whTm3YfaG,Louis,Parkin,lparkinic@vinaora.com,848 Preston Rd
763,vcrosbyid,6KIPq4uA7VF,Vonni,Crosby,vcrosbyid@wikimedia.org,851 Legacy Dr
764,pdrainie,DJQbH7QfzNL,Paula,Drain,pdrainie@quantcast.com,955 Katy Fwy
765,dtrevillionif,8hlTNoIk,Darcey,Trevillion,dtrevillionif@guardian.co.uk,268 Legacy Dr
766,tgoulderig,nvN9OEDz,Teriann,Goulder,tgoulderig@xinhuanet.com,777 Warren Pkwy #350
767,epackhamih,LKcvXZlCtHuO,Erich,Packham,epackhamih@hostgator.com,955 Katy Fwy
768,bcawteii,vysR3oX,Booth,Cawte,bcawteii@dell.com,575 Warren Pkwy Suite 216
769,esplevinij,mefGtypP,Elisha,Splevin,esplevinij@go.com,255 Coit Rd
770,dgiampietroik,4RrcXlFUTb,Diane-marie,Giampietro,dgiampietroik@hp.com,010 S Legacy Dr Suite 110
771,nsigartil,KesqBAy76Q,Nadeen,Sigart,nsigartil@nydailynews.com,955 Katy Fwy
772,kmurrellsim,p70xyO,Karlens,Murrells,kmurrellsim@oracle.com,355 Stonebrook Pkwy
773,lfreemanin,9eIXSIC3Yc8,Lucio,Freeman,lfreemanin@columbia.edu,955 Katy Fwy
774,kmyallio,JWVNCas9N4Ih,Krystal,Myall,kmyallio@dyndns.org,801 Ohio Dr
775,mshevellip,aerzNMx,Marissa,Shevell,mshevellip@huffingtonpost.com,220 Fm 423
776,adamselliq,lP7yROeejvd,Ase,Damsell,adamselliq@hatena.ne.jp,621 Ohio Dr
777,bpreddyir,LfY2fNO,Buffy,Preddy,bpreddyir@reference.com,955 Katy Fwy
778,ykenderdineis,q7TjJhVYK,Ysabel,Kenderdine,ykenderdineis@homestead.com,671 Little Elm Pkwy
779,cmcnevinit,Zt5r1dI9Om2v,Charisse,McNevin,cmcnevinit@meetup.com,550 Fm 423
780,nglazebrookiu,Wn5Zc2SlCN4,Nero,Glazebrook,nglazebrookiu@nydailynews.com,774 E Eldorado Pkwy
781,mmuckersieiv,RgA1Wjp1xEY,Maureene,Muckersie,mmuckersieiv@yale.edu,775 Fm 423
782,mbrolechaniw,ccdbPBYC,Melisent,Brolechan,mbrolechaniw@ow.ly,666 Mcdermott Rd Ste 200
783,ngalierix,EQrEJmrUTdrO,Nollie,Galier,ngalierix@redcross.org,666 Mcdermott Rd #100a
784,gfroudeiy,jEjsP5z,Gerhard,Froude,gfroudeiy@sohu.com,700 Coit Rd
785,cjeannenetiz,ly5852zelR6,Catlaina,Jeannenet,cjeannenetiz@sun.com,255 Lebanon Rd Ste 200
786,mmcorkilj0,fUqGlXZjOFyx,Micky,McOrkil,mmcorkilj0@wordpress.org,955 Katy Fwy
787,wdillamorej1,AUXscY4,Windy,Dillamore,wdillamorej1@addtoany.com,550 Tx-121 Ste 150
788,mkewj2,CZ6VyyZCm,Maren,Kew,mkewj2@google.ru,101 Westridge Blvd Ste 101
789,eworvellj3,0VnKXVoY,Earvin,Worvell,eworvellj3@wp.com,955 Katy Fwy
790,ekirmondj4,Q8FefWzx7mu,Eldon,Kirmond,ekirmondj4@smugmug.com,500 Richland Blvd
791,dgidleyj5,4Q3NFYfayJE,Drew,Gidley,dgidleyj5@skyrock.com,955 Katy Fwy
792,ppennettij6,IblH2nkfMScl,Pietra,Pennetti,ppennettij6@freewebs.com,994 Tour Dr Suite 210
793,fshelfordj7,2YUWZW,Filip,Shelford,fshelfordj7@dailymotion.com,996 Stacy Rd
794,mkropachj8,ZHOqtQK,Murry,Kropach,mkropachj8@naver.com,066 Tx-121
795,aocorriganej9,4v7mgHa,Angeline,O'Corrigane,aocorriganej9@jigsy.com,221 Custer Rd
796,tbrunningja,az6g1yaP5x4,Teri,Brunning,tbrunningja@redcross.org,000 Mcdermott Rd
797,jedgecumbejb,BfTczlMpV,Jorge,Edgecumbe,jedgecumbejb@youtube.com,805 Main St
798,eeyerjc,oIXmTPXrci2,Eustace,Eyer,eeyerjc@cbsnews.com,955 Katy Fwy
799,tbergejd,2n9Uqpsgp,Tedman,Berge,tbergejd@flavors.me,955 Katy Fwy
800,mkynclje,IlRkWyu1Ef,Marleah,Kyncl,mkynclje@icq.com,319 Mt View Rd
801,hguisotjf,G5BB91,Hailey,Guisot,hguisotjf@desdev.cn,301 Bell Rd
802,ablancowejg,qkPsKnsH,Adelheid,Blancowe,ablancowejg@disqus.com,035 Hamilton Church Rd
803,mgarlettejh,nyQ0aZ,Marcie,Garlette,mgarlettejh@wunderground.com,909 Murfreesboro Pike
804,pshortonji,oogmFpo,Poppy,Shorton,pshortonji@sakura.ne.jp,532 Murfreesboro Pike
805,jstanbrojj,Dq5W3gUrZHFT,Johnathon,Stanbro,jstanbrojj@ft.com,955 Katy Fwy
806,msallajk,lGjuP50eegWd,Marv,Salla,msallajk@utexas.edu,809 Antioch Pike
807,megaltonjl,JNb05L9JmJI,Meriel,Egalton,megaltonjl@cnet.com,824 Nolensville Pike
808,bdeamerjm,XwDujK3l,Bjorn,Deamer,bdeamerjm@privacy.gov.au,244 Murfreesboro Pike
809,fhugonetjn,v4jsgu,Fabian,Hugonet,fhugonetjn@smh.com.au,284 Murfreesboro Pike
810,ctrawinjo,wWt13Lh,Celestyna,Trawin,ctrawinjo@wikimedia.org,690 Nolensville Pike
811,cpattleljp,qxvRaY2Jz,Camel,Pattlel,cpattleljp@ycombinator.com,000 Murfreesboro Rd
812,ssmalesjq,trK9DIJoDmK,Shalna,Smales,ssmalesjq@cam.ac.uk,771 Nolensville Pike
813,dsynejr,HgUX87QKhFZ,Devonna,Syne,dsynejr@ucsd.edu,429 Nolensville Pike
814,mondrusekjs,oaPBLE9YKz,Mersey,Ondrusek,mondrusekjs@usgs.gov,815 Nolensville Pike
815,azisnerosjt,I0SkbC0sJ,Adore,Zisneros,azisnerosjt@zimbio.com,638 Concord Rd
816,rblaschkeju,KVLtS9hyC0,Rubetta,Blaschke,rblaschkeju@bizjournals.com,300 Antioch Pike
817,slagojv,kJlzsY,Silvana,Lago,slagojv@google.co.uk,145 Murfreesboro Rd
818,phurndalljw,jpMrkFtjP0wJ,Pate,Hurndall,phurndalljw@elpais.com,955 Katy Fwy
819,pmcdouglejx,oVM7AsiT,Parnell,McDougle,pmcdouglejx@facebook.com,955 Katy Fwy
820,mmapsonjy,98vck3xC4v,Margo,Mapson,mmapsonjy@yahoo.com,201 Nolensville Pike
821,hcaytonjz,98VoUxMwByD,Honoria,Cayton,hcaytonjz@wordpress.com,120 Nolensville Pike
822,bnormansellk0,V1liITJR,Birgitta,Normansell,bnormansellk0@upenn.edu,544 Old Hickory Blvd
823,knevillk1,VZ7xl4e9,Kienan,Nevill,knevillk1@scribd.com,040 Nolensville Pike
824,fbownessk2,06f4pG,Fair,Bowness,fbownessk2@dion.ne.jp,555 Edmondson Pike
825,lwardlawk3,7lBlT2a,Leone,Wardlaw,lwardlawk3@yahoo.co.jp,713 Edmondson Pike
826,fballink4,hcFpOJrvxxCD,Felic,Ballin,fballink4@mozilla.com,531 Edmondson Pike
827,nvonasekk5,rsNfCv1tfC,Neron,Vonasek,nvonasekk5@simplemachines.org,955 Katy Fwy
828,wgodsalk6,7o65RNizn,Willette,Godsal,wgodsalk6@uiuc.edu,511 Murfreesboro Rd
829,mrevillk7,OHwRvA4zD7rH,Matthaeus,Revill,mrevillk7@shinystat.com,61 E Thompson Ln
830,dcoatek8,RkFoRe,Delia,Coate,dcoatek8@xing.com,400 Sam Ridley Pkwy W
831,dredmaink9,fdSy3jJ0,Dion,Redmain,dredmaink9@jiathis.com,955 Katy Fwy
832,foxburyka,bHSJmqTr,Florence,Oxbury,foxburyka@arstechnica.com,661 President Pl
833,eferrariokb,skWbwzMCjO,Erich,Ferrario,eferrariokb@comcast.net,463 Sam Ridley Pkwy W
834,kpaintenkc,DmAyU3Y4VMSK,Kain,Painten,kpaintenkc@ibm.com,955 Katy Fwy
835,gcomollikd,8b7frc,Gayle,Comolli,gcomollikd@blog.com,081 Murfreesboro Pike
836,hmatthewske,ZIXs1J,Harvey,Matthews,hmatthewske@utexas.edu,955 Katy Fwy
837,mrizzardokf,4wTw72hht,Myrtie,Rizzardo,mrizzardokf@bluehost.com,819 Nolensville Pike
838,dromaineskg,KQV0QUqYS,Doria,Romaines,dromaineskg@lulu.com,518 Donelson Pike
839,chudspethkh,ZvOiZ0Q,Carolyn,Hudspeth,chudspethkh@purevolume.com,101 Franklin Rd
840,tmageeki,8YYqs9i,Tate,Magee,tmageeki@loc.gov,210 Franklin Rd
841,mtebbetkj,2shkqaLo1l0,Myranda,Tebbet,mtebbetkj@hp.com,955 Katy Fwy
842,efairestkk,pCj7wF,Eziechiele,Fairest,efairestkk@people.com.cn,421 Powell Ave
843,glowcockkl,hGi4hhtH57qc,Gottfried,Lowcock,glowcockkl@baidu.com,101 Creekside Crossing
844,lsanchezkm,myF2q6bhR,Lowell,Sanchez,lsanchezkm@ezinearticles.com,849 Peninsula Pointe Dr
845,ngingerkn,gkbhOHG0W,Nelli,Ginger,ngingerkn@buzzfeed.com,111 Maryland Way Ste 301
846,dkeysko,szDbP84fPk,Der,Keys,dkeysko@nasa.gov,694 Fessey Ct
847,rfeldbrinkp,fwk5nKe0,Roi,Feldbrin,rfeldbrinkp@bbb.org,611 8th Ave S
848,bfortounkq,8dKiWTmhDm,Beth,Fortoun,bfortounkq@quantcast.com,615 Franklin Pike
849,lteglerkr,i6qtt3uf,Leonid,Tegler,lteglerkr@bigcartel.com,421 Lebanon Pike
850,slourensks,q5iPAM4S,Silvain,Lourens,slourensks@merriam-webster.com,830 Long Beach Blvd
851,mrisebarerkt,HoZ4RhbTfhNA,Marilin,Risebarer,mrisebarerkt@jugem.jp,955 Katy Fwy
852,hfredsonku,IwOa8KcaJJK,Hartley,Fredson,hfredsonku@redcross.org,715 Otis St
853,jprucekv,zLmNHfVe,Jenelle,Pruce,jprucekv@squarespace.com,200 Long Beach Blvd
854,ngotecliffekw,BNvx9PIkL8H4,Nichole,Gotecliffe,ngotecliffekw@oakley.com,200 Long Beach Blvd D2
855,pjeunekx,18y4BBB53wT,Paulo,Jeune,pjeunekx@google.co.uk,955 Katy Fwy
856,jcalbaitheky,GXEPdqYrN7U9,Joelie,Calbaithe,jcalbaitheky@discovery.com,651 Firestone Blvd
857,gbiasottikz,XrxPYs0yVno,Gare,Biasotti,gbiasottikz@earthlink.net,628 E Imperial Hwy # 301
858,abishoppl0,1rqUS8233s,Angelica,Bishopp,abishoppl0@mozilla.org,325 Long Beach Blvd
859,apickl1,GZUQWw8,Antonetta,Pick,apickl1@cloudflare.com,955 Katy Fwy
860,bleilel2,q4efDhGdTwtX,Berty,Leile,bleilel2@howstuffworks.com,649 Florence Ave
861,bprangleyl3,ZiaoIkXRzwc5,Birch,Prangley,bprangleyl3@over-blog.com,955 Katy Fwy
862,bbachelarl4,A5GVBkMViyCV,Biddy,Bachelar,bbachelarl4@discuz.net,635 Walnut St
863,scrockerl5,MDk7O8CyS,Sianna,Crocker,scrockerl5@narod.ru,119 Seville Ave Suite D
864,dmuffettl6,dVkYBilHq8,Danyelle,Muffett,dmuffettl6@homestead.com,955 Katy Fwy
865,pblackburnl7,3JwKoRjp,Parker,Blackburn,pblackburnl7@dot.gov,351 E Imperial Hwy
866,bpinckneyl8,gwJXrctTW,Barbabra,Pinckney,bpinckneyl8@ucla.edu,680 Saturn Ave
867,lburkhilll9,yxi0NospTbMG,Lorinda,Burkhill,lburkhilll9@oakley.com,955 Katy Fwy
868,cclaxsonla,eWzsgZmQ5,Chrissie,Claxson,cclaxsonla@reddit.com,955 Katy Fwy
869,asalandinolb,2wskLa43PP,Algernon,Salandino,asalandinolb@spotify.com,909 Compton Ave
870,elongworthylc,LRs4fA3n3I2m,Ellette,Longworthy,elongworthylc@ucoz.ru,909 Compton Ave
871,jvidold,woLYuPObfl,Josy,Vido,jvidold@facebook.com,750 Wilmington Ave
872,jdechellele,584Hoi9g,Jud,Dechelle,jdechellele@fc2.com,670 E Gage Ave #10a
873,alavignelf,g4ugeI,Alden,La Vigne,alavignelf@who.int,399 Atlantic Ave
874,tpondlg,ocs9pnjn5r,Thoma,Pond,tpondlg@abc.net.au,955 Katy Fwy
875,cgirtonlh,Sy4rwUbIe,Cosimo,Girton,cgirtonlh@oracle.com,021 Wilmington Avenue
876,pnewportli,zWXAyWFK,Pierre,Newport,pnewportli@tinypic.com,100 Pacific Blvd
877,cbartholinlj,oYdSEppfS,Cecilia,Bartholin,cbartholinlj@etsy.com,534 E Florence Ave
878,tlakelandlk,4G7XtA,Tani,Lakeland,tlakelandlk@hubpages.com,625 Eastern Ave Ste C
879,ldabsll,HO75xmgHK,Lorenza,Dabs,ldabsll@apple.com,043 Atlantic Blvd
880,fbeedhamlm,CgxxN4W,Fredia,Beedham,fbeedhamlm@pbs.org,871 Firestone Blvd
881,qhellcatln,nDea6UpM,Quinta,Hellcat,qhellcatln@about.com,100 N Long Beach Blvd
882,bmccullaghlo,4mvvUcWgE2,Berky,McCullagh,bmccullaghlo@washingtonpost.com,955 Katy Fwy
883,wbyerslp,chrtt5tCWF,Willey,Byers,wbyerslp@opensource.org,410 E Slauson Ave
884,gcarnalanlq,Wq5p8gSAm,Guilbert,Carnalan,gcarnalanlq@mail.ru,959 Eastern Ave
885,amcgraithlr,5xfdWcB,Alejandro,McGraith,amcgraithlr@hubpages.com,500 E Gage Ave
886,srosenscheinls,xhgm2xqaW,Sheela,Rosenschein,srosenscheinls@acquirethisname.com,115 N Wilmington Ave
887,hpundylt,kftJ6X9skBe,Hannah,Pundy,hpundylt@vistaprint.com,970 S Central Ave
888,bferrerilu,MTUcpQjR9tA,Blanche,Ferreri,bferrerilu@usatoday.com,818 S Avalon Blvd
889,fdenmanlv,lAg7gH3sH,Florri,Denman,fdenmanlv@uol.com.br,676 Firestone Blvd
890,fwoakeslw,0Yl20UHafi,Fonz,Woakes,fwoakeslw@google.com.hk,107 S Long Beach Blvd
891,ablancelx,OgvtBsEDzUPT,Aryn,Blance,ablancelx@miitbeian.gov.cn,955 Katy Fwy
892,ahallickly,LAt8HG,Aura,Hallick,ahallickly@va.gov,030 Imperial Hwy
893,awheatcroftlz,hpnHSy8rVOD,Arleta,Wheatcroft,awheatcroftlz@examiner.com,270 Paramount Blvd
894,ekopmanm0,cRp1lmreE,Eugenius,Kopman,ekopmanm0@phpbb.com,955 Katy Fwy
895,mmcgeeverm1,cpYWy4H3cJE,Megan,McGeever,mmcgeeverm1@cnn.com,955 Katy Fwy
896,jdowrym2,wecmlqyOUB,Juliane,Dowry,jdowrym2@nytimes.com,938 Paramount Blvd
897,bpickthallm3,p0JTF82,Bourke,Pickthall,bpickthallm3@issuu.com,859 Firestone Blvd
898,bhaddym4,xUSFHdZu6uK,Benji,Haddy,bhaddym4@wikimedia.org,500 E Compton Blvd
899,kgingedalem5,hzguKes5j,Katherine,Gingedale,kgingedalem5@craigslist.org,001 N Central Ave
900,rbrassm6,8f3XufwO,Rolando,Brass,rbrassm6@fotki.com,955 Katy Fwy
901,ahoylandm7,n65Hv0eY4,Aryn,Hoyland,ahoylandm7@addthis.com,301 W Irving Park Rd
902,mdevenniem8,hAr4J3KCIP,Malena,Devennie,mdevenniem8@posterous.com,400 N Western Ave
903,cholwellm9,MyWH7ZsMEq,Chrotoem,Holwell,cholwellm9@gravatar.com,358 N Western Ave
904,tlehucquetma,RxNQf5Q,Talbert,Le Hucquet,tlehucquetma@discovery.com,955 Katy Fwy
905,sscadingmb,WKc6ftOGF4,Scarlet,Scading,sscadingmb@histats.com,955 Katy Fwy
906,xbrabhammc,QuCl3RaaNV2,Ximenez,Brabham,xbrabhammc@youtu.be,153 W Irving Park Rd
907,msignorimd,uvq6C8jAe,Muffin,Signori,msignorimd@state.tx.us,572 N Elston Ave
908,tscoggansme,h1SeM4eq7h4O,Tova,Scoggans,tscoggansme@pagesperso-orange.fr,645 W School St Ste A
909,mtinermf,2GMVPtiQVu9,Morena,Tiner,mtinermf@imgur.com,955 Katy Fwy
910,pnegalmg,CqLv87uX,Petra,Negal,pnegalmg@quantcast.com,955 Katy Fwy
911,jpellittmh,JqYx4h4,Jeanie,Pellitt,jpellittmh@dropbox.com,649 W Belmont Ave
912,rdrainsmi,hnV9NiuynsW,Roxanna,Drains,rdrainsmi@dailymotion.com,545 W Diversey Ave #104
913,mcampeymj,WALjZvxJ,Martina,Campey,mcampeymj@techcrunch.com,801 N Lincoln Ave
914,ejenkinmk,ksLfKYvjK,Enriqueta,Jenkin,ejenkinmk@de.vu,630 N Southport Ave
915,sewartml,CLCZkYpJpIo0,Shannen,Ewart,sewartml@weebly.com,744 N California Ave
916,gevelynmm,LWsP2Er3M,Guglielmo,Evelyn,gevelynmm@ameblo.jp,955 Katy Fwy
917,osackeymn,MZbRIK4,Oliviero,Sackey,osackeymn@scribd.com,955 Katy Fwy
918,lstokoemo,rYJx5ctRT,Lowe,Stokoe,lstokoemo@webnode.com,955 Katy Fwy
919,rpulfordmp,FC87zayA2,Risa,Pulford,rpulfordmp@bing.com,424 W Belmont Ave
920,tmccreerymq,bWL3Db,Towney,McCreery,tmccreerymq@smh.com.au,940 N Ashland Ave
921,uschettinimr,Xa4DDyr24Q,Upton,Schettini,uschettinimr@hud.gov,955 Katy Fwy
922,nbrekonridgems,SrSTpa,Noam,Brekonridge,nbrekonridgems@fda.gov,800 W Lawrence Ave
923,ghaugenmt,S8dCJLph,Gabbi,Haugen,ghaugenmt@webs.com,746 N Clybourn Ave
924,rleftlymu,pelmK0JaZI,Rheba,Leftly,rleftlymu@washingtonpost.com,500 W Wilson Ave
925,stouseymv,ZGpSePw,Spencer,Tousey,stouseymv@wunderground.com,333 W Belmont Ave
926,dcockermw,ad40DDqWF,Duffy,Cocker,dcockermw@baidu.com,550 N Clybourn Ave
927,mditchmx,kVlBGQ6,Marius,Ditch,mditchmx@quantcast.com,158 N Lincoln Ave
928,jbroschmy,hGXZ4ePc7tl1,Joye,Brosch,jbroschmy@uiuc.edu,145 N California Ave
929,tioannoumz,GGf1VK,Teresa,Ioannou,tioannoumz@globo.com,955 Katy Fwy
930,rchesnayn0,KSiPsTWE,Rustin,Chesnay,rchesnayn0@ezinearticles.com,511 N Kedzie Blvd
931,gportamn1,lp5b4AnaV,Gonzales,Portam,gportamn1@zimbio.com,215 N California Ave #7
932,talentyevn2,45jAogbLxvn,Teresita,Alentyev,talentyevn2@redcross.org,953 W Irving Park Rd
933,lmapesn3,xA7heLR,Lydon,Mapes,lmapesn3@yellowpages.com,955 Katy Fwy
934,bhaackn4,I3tk9BAY,Bartholomeus,Haack,bhaackn4@hp.com,222 N Milwaukee Ave
935,bjopsonn5,x2TC7zMp8yl,Benson,Jopson,bjopsonn5@homestead.com,001 W Irving Park Rd
936,vgoodersonn6,KoGuj7,Virge,Gooderson,vgoodersonn6@cisco.com,955 Katy Fwy
937,mmarchantn7,6Cdoij8BE,Morna,Marchant,mmarchantn7@theguardian.com,355 N Sheridan Rd
938,adeeryn8,qYEy5x1pNa,Armando,Deery,adeeryn8@nhs.uk,320 W Fullerton Ave
939,abattesonn9,OKjYxUfIi,Albertine,Batteson,abattesonn9@mediafire.com,912 W Belmont Ave
940,scathraena,1TVrmi,Sherry,Cathrae,scathraena@123-reg.co.uk,520 W Fullerton Ave
941,wpurkisnb,X6VgS3bGf,Wright,Purkis,wpurkisnb@pinterest.com,955 Katy Fwy
942,jrobartnc,km4mxb,Jemie,Robart,jrobartnc@hugedomains.com,646 N Broadway
943,nturmelnd,NRm7zirdxcxH,Nico,Turmel,nturmelnd@friendfeed.com,835 N Sheffield Ave #505
944,fcancellarione,c1ahbNQ,Franzen,Cancellario,fcancellarione@si.edu,046 N Halsted St
945,mtorpienf,kWdsTzyY3DA,Marjy,Torpie,mtorpienf@ox.ac.uk,001 N Milwaukee Ave
946,rspohrmannng,1jvj9QPe,Randi,Spohrmann,rspohrmannng@mail.ru,531 N Broadway
947,bfomichkinnh,nUcaA0Ju3bc,Betteanne,Fomichkin,bfomichkinnh@cmu.edu,112 N Ashland Ave
948,utyasni,40hJvh2M3B,Udall,Tyas,utyasni@sciencedaily.com,010 W Lawrence Ave
949,fagottnj,MRBQLnFyl,Francoise,Agott,fagottnj@tumblr.com,110 W Armitage Ave
950,dtooheynk,D6fQkbD,Daisie,Toohey,dtooheynk@wsj.com,955 Katy Fwy
951,ctruelocknl,XSkWTLu9Ig7,Claire,Truelock,ctruelocknl@youtu.be,800 Magnolia Ave
952,ffleurynm,8EqnHGfQfXsE,Filippo,Fleury,ffleurynm@msu.edu,350 La Sierra Ave
953,nhollingtonnn,Ttj2LA6vK,Noby,Hollington,nhollingtonnn@home.pl,992 Magnolia Ave
954,bmockerno,GUMq2t7DyQA,Berrie,Mocker,bmockerno@narod.ru,955 Katy Fwy
955,dkolisnp,yPC6omZxvo,Dun,Kolis,dkolisnp@chronoengine.com,920 La Sierra Ave
956,spalombinq,aQUAGQwQ,Sophronia,Palombi,spalombinq@yellowbook.com,975 Van Buren Boulevard
957,gcarlingnr,DwongPaA,Gerri,Carling,gcarlingnr@biglobe.ne.jp,194 Magnolia Ave
958,gberwickns,CPZpHGCGGq,Germain,Berwick,gberwickns@princeton.edu,990 Garfield St #12
959,sjoiscent,mEeo0yKwKVp,Sofie,Joisce,sjoiscent@bloomberg.com,200 Van Buren Boulevard
960,ssandalnu,i2RWNS8sVQ,Sylvester,Sandal,ssandalnu@simplemachines.org,479 N Mckinley St
961,bhasseynv,5UyvafCL3h,Brittan,Hassey,bhasseynv@mac.com,535 N Mckinley St
962,sjentgesnw,wwY4lCoxSi,Sascha,Jentges,sjentgesnw@yahoo.co.jp,150 Van Buren Boulevard
963,mloxdalenx,xphQFDQks,Marin,Loxdale,mloxdalenx@mapquest.com,480 N Mckinley St
964,bowerny,4jgLHO1,Berkley,Ower,bowerny@blogspot.com,955 Katy Fwy
965,cfergusonnz,DGiEvfaZ3,Cullin,Ferguson,cfergusonnz@networksolutions.com,955 Katy Fwy
966,amalhamo0,BuhHGOBRg,Almeria,Malham,amalhamo0@lycos.com,955 Katy Fwy
967,ttowso1,9wxlCx89t,Trevor,Tows,ttowso1@addthis.com,000 Indiana Ave #112
968,bnicholsono2,xmAwYh8D2BUz,Binny,Nicholson,bnicholsono2@pen.io,844 Limonite Ave
969,kbirwhistleo3,RbABYnT,Knox,Birwhistle,kbirwhistleo3@abc.net.au,970 S Central Ave
970,amerryweathero4,MHhzCQjO,Aeriel,Merryweather,amerryweathero4@weather.com,375 E Ontario Ave
971,szollnero5,JGte3Gn,Stoddard,Zollner,szollnero5@hc360.com,325 Sixth St
972,ssandbacho6,wjhXqA,Selestina,Sandbach,ssandbacho6@i2i.jp,955 Katy Fwy
973,edykaso7,pN0tywv6WPw,Elaine,Dykas,edykaso7@meetup.com,044 Limonite Ave
974,rdunneto8,1Oy4erLEFh,Raimondo,Dunnet,rdunneto8@scribd.com,955 Katy Fwy
975,mbartomeuo9,SUHMxvIFv6F,Marybeth,Bartomeu,mbartomeuo9@europa.eu,120 W Parkridge Ave
976,vbercheroa,5HIvZmnvmuSQ,Vail,Bercher,vbercheroa@nasa.gov,955 Katy Fwy
977,cdachsob,9wPOlv80e35V,Christoph,Dachs,cdachsob@sphinn.com,780 Town And Country Dr Ste 103
978,gfullomoc,avZc1j1a,Godard,Fullom,gfullomoc@eventbrite.com,015 Limonite Ave
979,dmakinod,zoYUpUtl0,Dyana,Makin,dmakinod@aol.com,290 E Ontario Ave
980,tyarringtonoe,becqv7,Timothee,Yarrington,tyarringtonoe@addthis.com,260 E Ontario Ave
981,fmccaskillof,MdMcAgiX,Fairfax,McCaskill,fmccaskillof@independent.co.uk,600 Magnolia Ave
982,acostleyog,iTsH14,Angelica,Costley,acostleyog@twitpic.com,420 N Main St Ste 105
983,blissimoreoh,ndQgo9Sm4bO,Barri,Lissimore,blissimoreoh@howstuffworks.com,955 Katy Fwy
984,cparrenoi,NaJlN5K,Carlyle,Parren,cparrenoi@wikimedia.org,823 S Main St #102
985,rshortcliffeoj,Pc7LgxOENnQ,Raul,Shortcliffe,rshortcliffeoj@hexun.com,520 Riverside Plaza Dr
986,lmacarthurok,QsdBZ8kt,Lorrie,MacArthur,lmacarthurok@discovery.com,075 Magnolia Ave
987,msnasdellol,GLMnSMT0,Myer,Snasdell,msnasdellol@desdev.cn,955 Katy Fwy
988,rluptonom,eqpIQVnFXWwd,Ringo,Lupton,rluptonom@unesco.org,955 Katy Fwy
989,bteaseon,2apHinaBBV,Bradley,Tease,bteaseon@phoca.cz,601 W 6th St
990,jhatonoo,xChgrs,Jedd,Haton,jhatonoo@tuttocitta.it,055 Van Buren Boulevard
991,dmaccaffreyop,8MX8HgEMZ,Deborah,MacCaffrey,dmaccaffreyop@angelfire.com,369 Magnolia Ave
992,fgoodaleoq,qPUUFgTkh4,Fayre,Goodale,fgoodaleoq@cnet.com,100 W Ontario Ave
993,chugettor,tMJ4yLOz,Charlena,Hugett,chugettor@dion.ne.jp,955 Katy Fwy
994,mtrippackos,8h9IY7zRnUd,Moreen,Trippack,mtrippackos@weebly.com,955 Katy Fwy
995,jbinyonot,l25omFm14G2,Judi,Binyon,jbinyonot@reverbnation.com,910 W Ontario Ave
996,ktosdevinou,iKsn85ohni5,Kort,Tosdevin,ktosdevinou@hao123.com,646 Brockton Ave
997,asoroov,NXm2EX3bSiAk,Andros,Soro,asoroov@netlog.com,260 W Foothill Pkwy
998,gkiosselow,yFCsbe7,Godiva,Kiossel,gkiosselow@wikipedia.org,574 Limonite Ave
999,woehmox,PgQnVml,Wade,Oehm,woehmox@pcworld.com,955 Katy Fwy
1000,awhitnalloy,23VCiFA,Antonetta,Whitnall,awhitnalloy@php.net,955 Katy Fwy
1001,bskeechoz,2bgEui8uz,Bruno,Skeech,bskeechoz@elpais.com,955 Katy Fwy
1002,sderlep0,9q2uYP7ucf,Selia,Derle,sderlep0@marketwatch.com,145 Sierra Lakes Pkwy
1003,wkiffep1,gFVKPbI1,Wilden,Kiffe,wkiffep1@ustream.tv,225 Sierra Lakes Pkwy
1004,fsolap2,CgUXZ2t,Feliza,Sola,fsolap2@moonfruit.com,505 Sierra Lakes Pkwy
1005,gfarryanp3,qZYk4pnb0WoF,Granny,Farryan,gfarryanp3@ihg.com,331 Baseline Ave
1006,bgrasp4,WOkFJM,Bank,Gras,bgrasp4@eepurl.com,955 Katy Fwy
1007,gpolackp5,8sCtHb5HgP,Grissel,Polack,gpolackp5@pcworld.com,390 Cherry Ave
1008,omintonp6,SQ9cxM,Odo,Minton,omintonp6@php.net,108 Foothill Blvd
1009,scocklep7,ZnPJ1V4Oe,Somerset,Cockle,scocklep7@dropbox.com,910 Foothill Blvd
1010,yhingep8,6uRy7SHePI5E,York,Hinge,yhingep8@shutterfly.com,251 Foothill Blvd
1011,kparmeterp9,XVddEacjrx,Kimball,Parmeter,kparmeterp9@google.co.uk,201 Highland Ave
1012,mpraterpa,tPMcJqY,Maud,Prater,mpraterpa@ox.ac.uk,955 Katy Fwy
1013,scasollapb,m06thoWG,Sherwood,Casolla,scasollapb@dailymotion.com,549 Foothill Blvd
1014,dbriskerpc,KdZDEc,Dottie,Brisker,dbriskerpc@msn.com,280 W Foothill Blvd
1015,gkyngdonpd,SdXDj8n,Glyn,Kyngdon,gkyngdonpd@shop-pro.jp,237 Rochester Ave Ste 120
1016,pwhitlockpe,xESlQIHBKS,Pooh,Whitlock,pwhitlockpe@joomla.org,339 Milliken Ave #110
1017,abradlypf,a94aiTFb2fS,Arlinda,Bradly,abradlypf@joomla.org,369 Milliken Ave
1018,wmarianpg,3pHe2KaJ,Wadsworth,Marian,wmarianpg@wix.com,955 Katy Fwy
1019,cgianoliniph,eRGeNu,Cati,Gianolini,cgianoliniph@blogtalkradio.com,940 Sierra Ave
1020,thagguspi,Ll9rnAYjW1jk,Thibaut,Haggus,thagguspi@photobucket.com,020 N Riverside Ave
1021,tgheorghiepj,LnNg9VDI4C,Thayne,Gheorghie,tgheorghiepj@cdc.gov,300 W Baseline Rd
1022,hatrillpk,BPqHyNjj8j2g,Hayley,Atrill,hatrillpk@cargocollective.com,955 Katy Fwy
1023,sfitzsimonspl,gbO35LUfmO4,Selene,Fitzsimons,sfitzsimonspl@addthis.com,118 E Baseline Rd
1024,sloughmanpm,5AWdWIh57Q,Sunny,Loughman,sloughmanpm@hhs.gov,400 Haven Ave
1025,djeroschpn,3v2OQ844,Darda,Jerosch,djeroschpn@vk.com,955 Katy Fwy
1026,fruddochpo,uxmA4bBaJ,Fianna,Ruddoch,fruddochpo@prweb.com,837 Laurel St #104
1027,whennerpp,tlO0PRqby,Wang,Henner,whennerpp@businesswire.com,955 Katy Fwy
1028,aclingoepq,BcO3MFdn5ToZ,Andriana,Clingoe,aclingoepq@rediff.com,955 Katy Fwy
1029,rgregolinpr,kd30jfsiN,Ronni,Gregolin,rgregolinpr@yellowbook.com,800 Fourth St
1030,vtickleps,1qAE3zap6Tw,Vilhelmina,Tickle,vtickleps@miibeian.gov.cn,550 S Riverside Ave
1031,pdurringtonpt,NzuyWXA1nGP,Pip,Durrington,pdurringtonpt@phoca.cz,121 Sierra Ave
1032,kcornelissepu,OoFdVM,Kit,Cornelisse,kcornelissepu@xinhuanet.com,918 E Foothill Blvd
1033,hdehnpv,GWTK8zrYxO,Hendrik,Dehn,hdehnpv@samsung.com,955 Katy Fwy
1034,xerswellpw,hSfvcG76,Xever,Erswell,xerswellpw@omniture.com,650 Base Line Rd
1035,pheseypx,ink30Nv2Ww,Phylys,Hesey,pheseypx@netlog.com,951 N Milliken Ave
1036,lcradeypy,HZYTNk3VJF,Lindsey,Cradey,lcradeypy@altervista.org,366 S Riverside Ave
1037,eaventpz,4jLGgrWt,Elizabeth,Avent,eaventpz@wix.com,673 Cherry Ave
1038,mwoodhallq0,QfZyGeL,Marji,Woodhall,mwoodhallq0@ebay.co.uk,001 Hallmark Pkwy
1039,voverpoolq1,EPCx4TwVvmE,Vidovik,Overpool,voverpoolq1@globo.com,955 Katy Fwy
1040,abuckieq2,9RITsH,Allistir,Buckie,abuckieq2@google.cn,760 19th St
1041,dklulicekq3,t4DdqQdhudKJ,Duncan,Klulicek,dklulicekq3@engadget.com,955 Katy Fwy
1042,wdelaciq4,KyS0N66j,Walker,De Laci,wdelaciq4@blogspot.com,701 Carnelian St
1043,ebowskillq5,8NMl40W,Elyssa,Bowskill,ebowskillq5@topsy.com,955 Katy Fwy
1044,aolenichevq6,5Xvyjh3t7aLL,Alessandro,Olenichev,aolenichevq6@state.tx.us,666 Medical Center Dr #1
1045,skubiakq7,htff04t6d2p,Sherlocke,Kubiak,skubiakq7@cbc.ca,616 Archibald Ave
1046,pmancerq8,0zThWS,Prudence,Mancer,pmancerq8@sohu.com,850 Foothill Blvd
1047,rgergusq9,YB2LAg9N,Roselle,Gergus,rgergusq9@tuttocitta.it,955 Katy Fwy
1048,hshufflebothamqa,njyDG9,Heath,Shufflebotham,hshufflebothamqa@naver.com,301 W Base Line St
1049,jbyerqb,Vd5GP69knHa,Jarid,Byer,jbyerqb@networksolutions.com,949 Kendall Dr
1050,jgutcherqc,6n7Vk3Zgnm1,Jesse,Gutcher,jgutcherqc@webs.com,203 Loveridge Rd
1051,akeseyqd,VBbLWqW,Albina,Kesey,akeseyqd@reddit.com,955 Katy Fwy
1052,kdasparqe,iAHx2PCya,Kennett,Daspar,kdasparqe@answers.com,201 Verne Roberts Cir
1053,lvendittiqf,ojCQoZ8AhtgL,Lanny,Venditti,lvendittiqf@behance.net,955 Katy Fwy
1054,gcavyqg,seDAQivzYUT,Gonzales,Cavy,gcavyqg@china.com.cn,901 Railroad Ave
1055,ckneaphseyqh,SiW5FXPUcA,Candide,Kneaphsey,ckneaphseyqh@prweb.com,190 Contra Loma Blvd
1056,raldersqi,uD9VgUXOr,Robbin,Alders,raldersqi@altervista.org,20 E 18th St
1057,mbarlesqj,IT7NIM,Marybelle,Barles,mbarlesqj@github.io,955 Katy Fwy
1058,otrengroveqk,iRRwlz,Oliy,Trengrove,otrengroveqk@msu.edu,416 Deer Valley Rd
1059,azmitrichenkoql,XWTbPMQPSGxi,Antoinette,Zmitrichenko,azmitrichenkoql@google.nl,365 Deer Valley Rd
1060,obusenqm,2nrIrFb,Omero,Busen,obusenqm@vistaprint.com,100 Lone Tree Way
1061,ncharopenqn,orACv3,Nellie,Charopen,ncharopenqn@discovery.com,660 Bailey Rd
1062,blambkinqo,oZFPYx4ey,Boot,Lambkin,blambkinqo@tamu.edu,580 Bailey Rd
1063,cmelsomqp,7hJfhz,Celestine,Melsom,cmelsomqp@usnews.com,700 Willow Pass Rd
1064,cphilippardqq,buHeduNzc3l,Clifford,Philippard,cphilippardqq@scribd.com,955 Katy Fwy
1065,bmerriottqr,fQBZEH1bN65Y,Brittani,Merriott,bmerriottqr@netvibes.com,501 Sand Creek Rd
1066,wmelatoqs,sCtqdj7k,Wes,Melato,wmelatoqs@blinklist.com,893 Lone Tree Way
1067,nkitleyqt,39Pxjn,Ned,Kitley,nkitleyqt@reverbnation.com,431 Clayton Rd
1068,lrochewellqu,GI3BfRBdcA,Lombard,Rochewell,lrochewellqu@seattletimes.com,437 Clayton Rd
1069,ktrevesqv,8PGCP25,Kaile,Treves,ktrevesqv@wiley.com,955 Katy Fwy
1070,schallenerqw,J9p6Llxv,Swen,Challener,schallenerqw@fotki.com,190 Clayton Rd
1071,mricsonqx,I4k0XeXk,Moreen,Ricson,mricsonqx@youtu.be,545 Main St
1072,afirsbyqy,mC5z85kgt1B,Angil,Firsby,afirsbyqy@linkedin.com,555 Main St
1073,cwoodusqz,UQ4gIk4geZg,Cary,Woodus,cwoodusqz@nature.com,955 Katy Fwy
1074,mdommerquer0,Nml7EV9ENX6E,Miquela,Dommerque,mdommerquer0@europa.eu,570 Lone Tree Way
1075,kbacherr1,E9XZxzmcky3,Kristy,Bacher,kbacherr1@yolasite.com,309 Clayton Rd
1076,agranger2,zI4jykI,Ailee,Grange,agranger2@squidoo.com,955 Katy Fwy
1077,rmacdermandr3,obV71mmGL6hb,Ramon,MacDermand,rmacdermandr3@home.pl,271 Balfour Rd
1078,nsentenr4,hyXEQR5J,Nikolaos,Senten,nsentenr4@abc.net.au,600 Willow Pass Rd
1079,wshoner5,7Gsin5uVVfH,Wylie,Shone,wshoner5@geocities.com,955 Katy Fwy
1080,mstrondr6,Gujd48b,Morse,Strond,mstrondr6@usda.gov,955 Katy Fwy
1081,cdrewellr7,dTWDpr,Craig,Drewell,cdrewellr7@cpanel.net,110 Balfour Rd
1082,adilstonr8,benMnkobn9F1,Alejandro,Dilston,adilstonr8@networksolutions.com,800 Concord Ave
1083,plundr9,D1u8lV,Pansy,Lund,plundr9@umich.edu,172 Solano Way
1084,gdugallra,PtYHmHn7qAY,Guenna,Dugall,gdugallra@usgs.gov,955 Katy Fwy
1085,acandelinrb,y6fPHHez41J,Arnold,Candelin,acandelinrb@sciencedirect.com,400 Monument Blvd
1086,fmcnaughtonrc,8UiPSqBazxTu,Fowler,McNaughton,fmcnaughtonrc@privacy.gov.au,125 2nd St
1087,bscrivinrd,WgGUaAUpFJ7,Byron,Scrivin,bscrivinrd@prweb.com,995 Ygnacio Valley Rd
1088,bmaystonere,ZFzuRYnEU,Brennan,Maystone,bmaystonere@sbwire.com,800 Ygnacio Valley Rd
1089,yselfrf,VMFcvanaJ,Yancey,Self,yselfrf@microsoft.com,990 Monument Blvd
1090,aknathrg,LA5NVegw,Aridatha,Knath,aknathrg@geocities.jp,905 Monument Blvd
1091,bogusrh,WszqpSB,Bridie,Ogus,bogusrh@latimes.com,520 Balfour Rd
1092,ciddyri,OT0jTa1,Carlyn,Iddy,ciddyri@lycos.com,225 Concord Ave
1093,rcapperrj,oSWuMHt07O,Romola,Capper,rcapperrj@163.com,955 Katy Fwy
1094,rbrunnrk,hH8X1duvaw,Rouvin,Brunn,rbrunnrk@walmart.com,707 Contra Costa Blvd
1095,bmaudlenrl,Ts4yW1RLJnPf,Bobbye,Maudlen,bmaudlenrl@dailymotion.com,955 Katy Fwy
1096,ckippinsrm,viffxFkRSy,Christel,Kippins,ckippinsrm@shinystat.com,N/A
1097,jdraysayrn,yNrVRwP,Juli,Draysay,jdraysayrn@163.com,978 Contra Costa Blvd
1098,gitzkowiczro,YynslQTGt,Guenevere,Itzkowicz,gitzkowiczro@odnoklassniki.ru,140 Contra Costa Blvd
1099,cgarrattleyrp,QENWWIMMq,Catlin,Garrattley,cgarrattleyrp@wunderground.com,900 N Main St
1100,bjercherq,TwhqRyPf,Bettine,Jerche,bjercherq@who.int,901 Lake Forest Dr
1101,voteaguerr,xhA1sDn6E,Vernor,O'Teague,voteaguerr@csmonitor.com,001 W Eldorado Pkwy
