Username,Password,First_Name,Last_Name,Email,Address
cbrauns0,fMY97j8XWrm,Cort,Brauns,cbrauns0@slashdot.org,40543 Florence Court
bmascall1,cikU7uMQM,Bondie,Mascall,bmascall1@oaic.gov.au,00114 Hintze Parkway
nbover2,KxWSYCEQ5Y,Nomi,Bover,nbover2@cam.ac.uk,09899 Montana Center
spowley3,Y4g3kBXf,Stanley,Powley,spowley3@ocn.ne.jp,628 Amoth Park
hberens4,J5LPoirK7,Heidi,Berens,hberens4@marriott.com,943 Superior Lane
hpriver5,keF7NhMQAo1,Hiram,Priver,hpriver5@pen.io,135 Delaware Terrace
nmatteotti6,rwLITqtl4tv,Northrop,Matteotti,nmatteotti6@yellowbook.com,5 Lien Crossing
lbodley7,gvooMDo1,Letty,Bodley,lbodley7@xrea.com,09 Union Center
mdurdan8,r9AsY3Zy30,Misti,Durdan,mdurdan8@tinyurl.com,521 Brown Avenue
mgreiswood9,lryFDLylUNE,Melessa,Greiswood,mgreiswood9@reddit.com,8806 Clemons Circle
pcocklanda,0FLOqbRY,Phineas,Cockland,pcocklanda@privacy.gov.au,9304 Bay Point
whaspineallb,Z9ZRU7Ak,Waneta,Haspineall,whaspineallb@woothemes.com,25818 Manley Circle
kshanklec,f0Clp0V,Kennedy,Shankle,kshanklec@taobao.com,3 Carey Point
fbeckettd,Vx9PHLu,Faustina,Beckett,fbeckettd@wsj.com,7 Sugar Place
idicarloe,0cDfWdrI,Irvine,Di Carlo,idicarloe@tmall.com,4 Schlimgen Avenue
jcrownef,Cn9cPP,Janel,Crowne,jcrownef@t-online.de,31427 Rowland Pass
motyg,4aqyOu9erYh,Misti,Oty,motyg@angelfire.com,013 Pond Road
cpointingh,Bm0hImydu0,Cher,Pointing,cpointingh@blogger.com,7 Nevada Place
ksoreyi,EyB1qBYv2PMV,Kylynn,Sorey,ksoreyi@prweb.com,17 Stuart Crossing
bcashamj,hoXGAS,Briana,Casham,bcashamj@sitemeter.com,00 Pierstorff Trail
wzanuttik,atWQNk7aOZN,Wilhelmine,Zanutti,wzanuttik@altervista.org,5 Reinke Road
cpiattil,HL0rZUgiGYL,Candide,Piatti,cpiattil@blog.com,7876 Troy Lane
jraincinm,cooTJo9x,Jamaal,Raincin,jraincinm@yelp.com,081 Sheridan Center
ssharplingn,KgL5Y0lfVJuV,Sadye,Sharpling,ssharplingn@cpanel.net,5 Fieldstone Court
adamio,7ZNTcdFZ2,Amandie,Dami,adamio@exblog.jp,0831 Pierstorff Point
hwimlettp,Lvxm5nJc,Helaine,Wimlett,hwimlettp@studiopress.com,42323 Sauthoff Plaza
ahandmanq,nTgMfWTR,Averil,Handman,ahandmanq@angelfire.com,6 Holmberg Crossing
melsmerer,VXRAiY,Manda,Elsmere,melsmerer@google.fr,3 Fremont Plaza
lbaudouins,sW5xzzEwLt,Lisa,Baudouin,lbaudouins@ox.ac.uk,32703 Fisk Trail
jmaidstonet,XAfrGroXsFNR,Jabez,Maidstone,jmaidstonet@themeforest.net,953 Lake View Circle
ndollmanu,QSXaMIa7nh,Netti,Dollman,ndollmanu@ning.com,20 Manley Parkway
sscoullerv,1VXBdsGQW7QY,Sophey,Scouller,sscoullerv@washington.edu,511 Nelson Plaza
jkillickw,tv6O4kYwfb8,Joellyn,Killick,jkillickw@typepad.com,996 Arkansas Parkway
pmurrowx,LJJ8dnAhij,Pavlov,Murrow,pmurrowx@cisco.com,7651 Meadow Vale Trail
kwybrewy,yKIKeKyk9ga,Kennett,Wybrew,kwybrewy@mapquest.com,77923 Novick Plaza
sspencleyz,PFqvU43,Sarena,Spencley,sspencleyz@wufoo.com,33 Corry Road
rleveridge10,44lpLKUmsLHF,Renata,Leveridge,rleveridge10@ning.com,318 Sugar Hill
raizikowitz11,u9O7rH63ZK,Ricoriki,Aizikowitz,raizikowitz11@booking.com,144 5th Court
cmoehler12,cV7MJasrlLnx,Carling,Moehler,cmoehler12@acquirethisname.com,1 Becker Plaza
jgrosvenor13,7T2e1C,Jana,Grosvenor,jgrosvenor13@ezinearticles.com,47 Vernon Court
shutt14,CutTfH,Schuyler,Hutt,shutt14@free.fr,66 Moland Park
sreuter15,soGUSBsoDAVs,Sasha,Reuter,sreuter15@php.net,934 Lawn Junction
pabbots16,p9y5kblJCc,Petronella,Abbots,pabbots16@geocities.jp,57772 La Follette Terrace
ykeuneke17,Sef4jU2lOp,Yasmin,Keuneke,ykeuneke17@cbsnews.com,5 Mandrake Court
aodaly18,fTiEXmq1dh,Ahmad,O'Daly,aodaly18@netscape.com,68449 Fordem Plaza
bbigglestone19,a59ao1C,Basia,Bigglestone,bbigglestone19@ed.gov,03 Dakota Lane
kfoxley1a,1hgDWdtIqQ,Kania,Foxley,kfoxley1a@mashable.com,81514 Bayside Pass
nibanez1b,39PzSS7R42,Norbert,Ibanez,nibanez1b@webs.com,7363 Kim Junction
mburdis1c,8cgGpK,Marybelle,Burdis,mburdis1c@biblegateway.com,3970 Bobwhite Pass
ljowitt1d,wqysSWH,Luella,Jowitt,ljowitt1d@com.com,67140 Oak Lane
rvinnick1e,fRT7gj,Reube,Vinnick,rvinnick1e@github.io,2 Corscot Pass
fredmayne1f,uAOsBu4,Frans,Redmayne,fredmayne1f@github.com,1 Katie Pass
ipaynes1g,g2Si2uW,Ingemar,Paynes,ipaynes1g@marriott.com,12 Vermont Pass
kdrei1h,Y6pMmur3E,Katina,Drei,kdrei1h@sohu.com,9885 Manitowish Lane
lizaac1i,P53uxdK,Leesa,Izaac,lizaac1i@yellowbook.com,1 Autumn Leaf Point
mbowerbank1j,jJOHo7MluH5z,Meade,Bowerbank,mbowerbank1j@cdc.gov,4 Nevada Terrace
rpruvost1k,krImQVOPjgVs,Roobbie,Pruvost,rpruvost1k@forbes.com,09646 North Place
flaxon1l,SgtvHJgphRy0,Fred,Laxon,flaxon1l@yolasite.com,294 Blaine Place
ljinda1m,AGsnmTV5,Lynsey,Jinda,ljinda1m@studiopress.com,2763 Rutledge Terrace
cswate1n,uwzP4d8,Claiborne,Swate,cswate1n@flickr.com,0448 Acker Way
msmees1o,UciZYvx6xEn,Merill,Smees,msmees1o@moonfruit.com,731 Dayton Park
ogavaghan1p,mZOq0NPQ,Onfroi,Gavaghan,ogavaghan1p@cocolog-nifty.com,49361 Ilene Court
rtoward1q,0xV74Rf5xsP,Rubia,Toward,rtoward1q@state.tx.us,8 Corben Drive
wbrodway1r,UmsztqOGp,Warde,Brodway,wbrodway1r@baidu.com,734 Texas Street
jleopold1s,Z5e2W9qX9B,Julio,Leopold,jleopold1s@reddit.com,904 Rieder Alley
uskellorne1t,ttBqEAqaA7,Ulrike,Skellorne,uskellorne1t@google.co.uk,6 Talmadge Street
aredford1u,c0V63lyzOV,Agnella,Redford,aredford1u@goodreads.com,6 Hoepker Trail
hbaudino1v,o4ODOrbMN,Haskel,Baudino,hbaudino1v@unc.edu,321 Acker Center
vplail1w,tu5ZiWasTv,Vikky,Plail,vplail1w@nytimes.com,437 Spohn Point
ktivers1x,JFkJUwn,Kippy,Tivers,ktivers1x@skyrock.com,258 Manley Court
csimunek1y,aW6gfAO,Carlen,Simunek,csimunek1y@un.org,72291 Golden Leaf Lane
vmerryweather1z,EMbGDLQHHra1,Vivienne,Merryweather,vmerryweather1z@vistaprint.com,3 Killdeer Lane
aangel20,Xf39hVJI,Antonin,Angel,aangel20@uiuc.edu,4693 2nd Lane
sstarten21,rjb7hO21Ub,Samson,Starten,sstarten21@tamu.edu,66837 Novick Plaza
gbramsom22,vLksr4H,Guillermo,Bramsom,gbramsom22@gravatar.com,03 Hauk Alley
hcaberas23,6xbR7V1,Heinrik,Caberas,hcaberas23@ebay.co.uk,18 Sheridan Crossing
afardoe24,kwnvrkpBsXvw,Anni,Fardoe,afardoe24@uol.com.br,99 Merchant Court
cwaterstone25,Vf3uBU5,Consalve,Waterstone,cwaterstone25@wp.com,583 Mayfield Street
bhampton26,XbjgOthVFH,Barney,Hampton,bhampton26@tmall.com,9 Waubesa Point
rbrotherhead27,F23xHv3wA,Rubia,Brotherhead,rbrotherhead27@addtoany.com,118 Erie Way
cfautly28,dIaZ6COU,Cairistiona,Fautly,cfautly28@wordpress.com,4 Leroy Court
ajarrette29,BF3lB21,Angie,Jarrette,ajarrette29@fda.gov,8 Larry Court
bdeek2a,y24nsRT,Briana,Deek,bdeek2a@shareasale.com,15265 Manitowish Hill
saudiss2b,sow80BkWEeQ,Sisile,Audiss,saudiss2b@twitpic.com,3739 Hintze Hill
mdaughtery2c,AADZp5dSb9H,Monroe,Daughtery,mdaughtery2c@paypal.com,52504 Dwight Road
abeetles2d,BxAqfMnOFgWP,Aaren,Beetles,abeetles2d@mac.com,85767 Clyde Gallagher Street
rdewett2e,rFjsNuZn2,Ravid,Dewett,rdewett2e@multiply.com,8087 Victoria Place
ugarber2f,5MicSOid,Ursulina,Garber,ugarber2f@europa.eu,85628 Hovde Lane
seisenberg2g,UVqeSyc,Sher,Eisenberg,seisenberg2g@webeden.co.uk,7 Eliot Pass
mdubble2h,EIt4Bj2BVv,Marcille,Dubble,mdubble2h@com.com,9580 Scott Hill
eocorrane2i,XoHfcsRdDUNw,Ermentrude,O'Corrane,eocorrane2i@jimdo.com,3 Pine View Point
psivell2j,2cDVqFlR4ymL,Paige,Sivell,psivell2j@ning.com,6 Scofield Avenue
sfairbairn2k,I1YFgSA9f,Shanan,Fairbairn,sfairbairn2k@blogs.com,438 Lindbergh Court
cghelarducci2l,u0jCSnv08wD2,Cynthy,Ghelarducci,cghelarducci2l@sfgate.com,71 Westridge Alley
otripett2m,EsIT2V,Obediah,Tripett,otripett2m@washingtonpost.com,6 Killdeer Park
ncaltun2n,vr05GwM,Niccolo,Caltun,ncaltun2n@cdc.gov,3 Eagan Crossing
mjonson2o,BCUsJKt,Margarete,Jonson,mjonson2o@oaic.gov.au,7 Village Center
mthamelt2p,Kvzlwf,Marylin,Thamelt,mthamelt2p@fc2.com,84065 Manley Plaza
jlillecrap2q,IwVsoe8BwJC,Justus,Lillecrap,jlillecrap2q@nps.gov,961 Lunder Drive
sgoodinge2r,YuJ3pu,Shaun,Goodinge,sgoodinge2r@umich.edu,5 Mallory Place
sthake2s,GWnwZTs,Sarena,Thake,sthake2s@wordpress.org,7670 Sunfield Junction
hrayhill2t,y2bdnWcA0Ey1,Haven,Rayhill,hrayhill2t@alexa.com,10 Orin Place
kthacker2u,zqaF1460w,Kai,Thacker,kthacker2u@posterous.com,30 Troy Junction
ztampion2v,ERTo281b9GE,Zarla,Tampion,ztampion2v@comcast.net,4 Forster Court
igossage2w,11QCdrzQn,Isak,Gossage,igossage2w@jiathis.com,85336 Nova Avenue
hlapree2x,2k0Ouk,Helyn,Lapree,hlapree2x@omniture.com,7 Menomonie Hill
cmason2y,Nd7SVH,Cilka,Mason,cmason2y@hugedomains.com,51 Saint Paul Court
llearmount2z,ykLLF6uazlZO,Lorena,Learmount,llearmount2z@dropbox.com,3754 Thompson Parkway
jbonsall30,w2LJQOSo6PY,Judie,Bonsall,jbonsall30@dedecms.com,52 Clyde Gallagher Drive
gallanson31,CfDLAGcKNiz,Garvey,Allanson,gallanson31@wp.com,8 Lakewood Hill
gcoggen32,Q37Z6qi,Gae,Coggen,gcoggen32@alibaba.com,92 Nelson Road
scoppo33,FixJPfI,Sena,Coppo,scoppo33@webmd.com,94674 Derek Crossing
mmawdsley34,xSPqaOR,Mickey,Mawdsley,mmawdsley34@aol.com,566 Petterle Drive
agouldstraw35,zyfbGktD4iNP,Ario,Gouldstraw,agouldstraw35@whitehouse.gov,24443 Clyde Gallagher Alley
wdanels36,oum7Fs,Willey,Danels,wdanels36@cnn.com,692 Lighthouse Bay Road
dcaesman37,3Jv8Nyako,Donelle,Caesman,dcaesman37@latimes.com,08649 Eastwood Point
lromke38,ZKInCLN1t,Lew,Romke,lromke38@nbcnews.com,0 West Alley
kmoxted39,cTg0obp7,Kimmie,Moxted,kmoxted39@mac.com,7 Pawling Court
ivasile3a,m7tGVz5ijr,Inger,Vasile,ivasile3a@cdbaby.com,028 Lukken Place
ldaber3b,siKNMM,Lizabeth,Daber,ldaber3b@usatoday.com,04 Clemons Hill
cgout3c,jq3mr1,Cori,Gout,cgout3c@pagesperso-orange.fr,70815 Jackson Court
scasier3d,XzGcSEbn,Sue,Casier,scasier3d@cyberchimps.com,112 Susan Hill
bgartery3e,9c0pVGHVRWw,Barbara-anne,Gartery,bgartery3e@jalbum.net,0 Portage Hill
gmathers3f,l0ZC9Ckzr,Goldy,Mathers,gmathers3f@angelfire.com,16498 Butterfield Junction
acordon3g,WGZAXFvu,Andris,Cordon,acordon3g@wikispaces.com,03677 Ronald Regan Hill
spriver3h,92KrlzaQx,Stevana,Priver,spriver3h@marketwatch.com,161 Emmet Avenue
cchamberlain3i,Qb6dlxBfxVde,Claudette,Chamberlain,cchamberlain3i@goo.ne.jp,961 Gale Crossing
sbeadell3j,usmHSuKBP,Sonni,Beadell,sbeadell3j@w3.org,43 Jenifer Junction
vhaye3k,oPKMGyjl,Valencia,Haye,vhaye3k@howstuffworks.com,1 Russell Street
rbarthod3l,hnte88y5Z,Rozella,Barthod,rbarthod3l@google.de,4031 Talisman Hill
folekhov3m,P6gY87WJ3B,Fran,Olekhov,folekhov3m@naver.com,297 Northport Center
dsimone3n,6GvKWS1R,Dynah,Simone,dsimone3n@clickbank.net,88929 Sachtjen Park
aoatley3o,5P7OxpL,Alanah,Oatley,aoatley3o@admin.ch,93247 Fairfield Alley
cjeandin3p,Abbb5u7vuH,Chrotoem,Jeandin,cjeandin3p@army.mil,67303 Melrose Point
sflavelle3q,btfjHKW,Siouxie,Flavelle,sflavelle3q@weather.com,3 Elka Hill
bgiottini3r,hrRJQN4OfAd,Beckie,Giottini,bgiottini3r@miitbeian.gov.cn,097 Bultman Plaza
acahalin3s,9mFFuDvY77Kh,Annabel,Cahalin,acahalin3s@sourceforge.net,20 Bartillon Junction
fpaffley3t,Wb9moPvXOvL,Fara,Paffley,fpaffley3t@tripod.com,769 Blackbird Point
gwitherspoon3u,4gPASP,Gwenni,Witherspoon,gwitherspoon3u@miitbeian.gov.cn,8517 Ryan Place
afitzmaurice3v,1KNFP3B9HA,Augusta,Fitzmaurice,afitzmaurice3v@dion.ne.jp,222 Vermont Junction
jlodge3w,N5MKXO7Fwf,Jayme,Lodge,jlodge3w@nhs.uk,3 Stephen Park
jpersicke3x,zOge7zYN,Jammal,Persicke,jpersicke3x@telegraph.co.uk,7 Di Loreto Point
jandrieux3y,iw6ebj,Jeni,Andrieux,jandrieux3y@hp.com,8827 Old Shore Park
mklaaassen3z,WU5dIfRXfcP,Misti,Klaaassen,mklaaassen3z@cbslocal.com,78 Forster Pass
gengelmann40,jiSrvMxoYmn,Gwenneth,Engelmann,gengelmann40@geocities.com,28 Forest Run Place
ndallan41,efUHNcV2jRNu,Napoleon,Dallan,ndallan41@sun.com,4548 Hanson Center
mfrith42,BBDPnkoI,Modesty,Frith,mfrith42@gravatar.com,4596 Corben Park
dubsdale43,dAEvXk7AfbhO,Drusilla,Ubsdale,dubsdale43@economist.com,0 Sachs Road
gcobain44,3bqLUQBY,Grethel,Cobain,gcobain44@army.mil,1 Mosinee Street
mcatonnet45,IsnnS8t2Kp,Moria,Catonnet,mcatonnet45@mlb.com,18324 West Circle
mbernt46,mRUoLMPI1Zr,Marjorie,Bernt,mbernt46@yandex.ru,0322 Caliangt Alley
awemes47,cpwQCRCL9OCC,Arlana,Wemes,awemes47@soundcloud.com,140 Karstens Center
amizzi48,NPTI00kf,Ardelle,Mizzi,amizzi48@paypal.com,225 Hollow Ridge Center
cschimonek49,V4b4jmKPLl,Chaim,Schimonek,cschimonek49@usgs.gov,3392 Anzinger Plaza
okaradzas4a,lzARnM,Odetta,Karadzas,okaradzas4a@yellowpages.com,311 Mockingbird Alley
fboyet4b,zKIBnbimq5yG,Fallon,Boyet,fboyet4b@unicef.org,0 Leroy Park
eginsie4c,hLlrN5FZ,Ernest,Ginsie,eginsie4c@independent.co.uk,3522 Redwing Hill
vkilgallen4d,IZerZrZU594z,Vonnie,Kilgallen,vkilgallen4d@ow.ly,86 Westport Junction
plipyeat4e,onmZFLsr5,Peyter,Lipyeat,plipyeat4e@reverbnation.com,35226 Comanche Avenue
sridgeway4f,UbMJ2HXK00XY,Shurwood,Ridgeway,sridgeway4f@feedburner.com,225 Lake View Park
dcutmore4g,I4j4hJSn5B,Dick,Cutmore,dcutmore4g@vistaprint.com,074 Northwestern Point
zloker4h,aspb1rzDM8,Zacherie,Loker,zloker4h@skyrock.com,94228 Texas Parkway
nmachoste4i,EpoPX6Wz,Nicole,MacHoste,nmachoste4i@nbcnews.com,24 Anthes Drive
jhonatsch4j,BdYhwff9D,Jamal,Honatsch,jhonatsch4j@ftc.gov,47716 Melody Circle
bpolak4k,Kr19rdschc,Baird,Polak,bpolak4k@360.cn,6 Hanover Place
bharcourt4l,jyqvBgmlmzop,Brandy,Harcourt,bharcourt4l@netlog.com,500 Sheridan Drive
iwinterflood4m,zMmhD1xwhk,Issie,Winterflood,iwinterflood4m@tinypic.com,574 Portage Street
mbaddeley4n,L9niVe2s,Mac,Baddeley,mbaddeley4n@yolasite.com,50599 Killdeer Lane
rbraybrookes4o,p32HCZ,Rosalyn,Braybrookes,rbraybrookes4o@github.com,49799 Namekagon Pass
eharridge4p,BZNXc8BS,Elijah,Harridge,eharridge4p@springer.com,971 Orin Park
apriddle4q,86z2hDQ8nO,Anni,Priddle,apriddle4q@cpanel.net,02551 Loomis Point
nyearron4r,aJXsOxkgkr,Nils,Yearron,nyearron4r@chron.com,36 Dawn Terrace
cklos4s,RZLaxiEFcT,Carmencita,Klos,cklos4s@webeden.co.uk,812 Packers Road
lsurgeoner4t,PCpuD2,Lavinia,Surgeoner,lsurgeoner4t@jugem.jp,8 Northport Terrace
ghansemann4u,sy6kdK,Gracie,Hansemann,ghansemann4u@barnesandnoble.com,65656 Talmadge Avenue
mpolding4v,QSrw7NVuN,Minny,Polding,mpolding4v@redcross.org,8319 Merrick Circle
hcrutchfield4w,MeoGi9QnDkWx,Heidi,Crutchfield,hcrutchfield4w@drupal.org,199 Gateway Street
gsproul4x,khYLCz4m6jp,Gawain,Sproul,gsproul4x@jimdo.com,9 Sunnyside Crossing
ksharnock4y,AmVk0sGoTw6,Kissie,Sharnock,ksharnock4y@smugmug.com,86 Kennedy Point
aducarne4z,sRSVQWj8,Ashien,Ducarne,aducarne4z@home.pl,13133 Lake View Drive
rmcmylor50,E03GMGdCT,Ricca,McMylor,rmcmylor50@nyu.edu,19180 Carioca Junction
rsprake51,qbv2vV,Ruby,Sprake,rsprake51@techcrunch.com,34 Norway Maple Road
ritzkovici52,YYk2eQeP,Rosalinda,Itzkovici,ritzkovici52@umn.edu,38156 Thierer Lane
kflintoffe53,macU0R,Karolina,Flintoffe,kflintoffe53@princeton.edu,7609 Eagle Crest Avenue
kblanning54,poKDf0WT,Karee,Blanning,kblanning54@wordpress.org,31490 Old Shore Parkway
nswanston55,rkbVFe,Nancee,Swanston,nswanston55@admin.ch,6 Johnson Drive
khallede56,SprUnc4W,Kylie,Hallede,khallede56@hexun.com,0 Talmadge Place
rbeviss57,BpIwhphXGEv,Rafaela,Beviss,rbeviss57@mysql.com,399 Sunnyside Avenue
aarnley58,hetcRv,Annmaria,Arnley,aarnley58@godaddy.com,6 Lakeland Terrace
egipp59,GyBgiqmZP,Eudora,Gipp,egipp59@comsenz.com,6491 Lindbergh Road
ncollishaw5a,1qJW7WC1,Nedi,Collishaw,ncollishaw5a@berkeley.edu,4162 Rigney Center
rluckcock5b,wsfavcYUq0Vk,Ronnica,Luckcock,rluckcock5b@theglobeandmail.com,39572 Lindbergh Park
ighioni5c,E9MSDHGCj,Ignace,Ghioni,ighioni5c@un.org,77027 Oakridge Alley
dlatty5d,0ZJGzAeG,Dane,Latty,dlatty5d@cloudflare.com,842 Montana Place
zwellbeloved5e,q7Ss9G,Zed,Wellbeloved,zwellbeloved5e@mayoclinic.com,7 Sullivan Crossing
ksweating5f,G2aLGZJgt,Kasper,Sweating,ksweating5f@craigslist.org,3 Kennedy Place
bswinnard5g,HWZ45euRr,Blisse,Swinnard,bswinnard5g@macromedia.com,3941 Anzinger Way
bwraggs5h,GsInC0BjVk,Bunny,Wraggs,bwraggs5h@cpanel.net,08353 Browning Hill
wdoddrell5i,T7ejZBrNAAX,Willis,Doddrell,wdoddrell5i@shutterfly.com,7 Eagan Hill
lortet5j,MFsbJpZBn,Libbie,Ortet,lortet5j@aboutads.info,9 Shasta Alley
ymilch5k,iabk6X30D,Yolanda,Milch,ymilch5k@nasa.gov,56095 Petterle Alley
rboulder5l,sV7PfV,Renate,Boulder,rboulder5l@dion.ne.jp,87 Gale Alley
rbiaggelli5m,O4nE7XdVj,Renell,Biaggelli,rbiaggelli5m@tuttocitta.it,13 Melody Park
gtatum5n,LMDBJoc2nh,Garnet,Tatum,gtatum5n@wunderground.com,310 Sage Trail
ntheodore5o,fqFyJRqiYTSX,Nady,Theodore,ntheodore5o@marketwatch.com,31612 Dennis Street
wservis5p,uASTtTL,Wenonah,Servis,wservis5p@wp.com,9364 Pankratz Hill
amarginson5q,lz8HDEpCuqmU,Alli,Marginson,amarginson5q@about.me,645 Bonner Crossing
wtruter5r,TghTvhQiUp,Whitney,Truter,wtruter5r@flavors.me,4590 Shoshone Terrace
lcharlet5s,gXvKnbBDU,Loree,Charlet,lcharlet5s@washington.edu,57 Tomscot Circle
hbeach5t,yVGjdo,Haskell,Beach,hbeach5t@va.gov,080 Center Drive
bgathercoal5u,whvcyDum,Brigham,Gathercoal,bgathercoal5u@acquirethisname.com,02 Truax Lane
mjackson5v,bFkxGxr,Marcie,Jackson,mjackson5v@e-recht24.de,18437 Coolidge Alley
acoupe5w,7Cs8Rv,Arther,Coupe,acoupe5w@blogs.com,9583 Independence Park
jschruur5x,ElFtWsPWd2N,Jaymie,Schruur,jschruur5x@ask.com,264 Derek Alley
eharly5y,iCAvadaSUhG,Erin,Harly,eharly5y@topsy.com,539 Buell Drive
abresland5z,4jM5YpmCg3,Albertina,Bresland,abresland5z@cargocollective.com,0348 Division Place
boates60,srGdHcy,Brennen,Oates,boates60@amazon.com,5288 3rd Avenue
tboutellier61,nLOpFiYuG,Travus,Boutellier,tboutellier61@squarespace.com,082 Chive Circle
hclimance62,v7OpdWt,Hewet,Climance,hclimance62@51.la,264 Iowa Avenue
vromaines63,pZQkmu,Valeda,Romaines,vromaines63@ebay.co.uk,987 Marcy Pass
imacskeagan64,VYXVtQ5DzJ,Irita,MacSkeagan,imacskeagan64@vkontakte.ru,98 Glendale Terrace
fbyres65,lXm96qI,Fancy,Byres,fbyres65@discovery.com,58 Susan Terrace
wollerearnshaw66,PsEe5ShyySW,Willow,Ollerearnshaw,wollerearnshaw66@amazonaws.com,2 Kingsford Alley
fallred67,gFCBMa,Faber,Allred,fallred67@craigslist.org,571 American Ash Terrace
rdocker68,pZxgcs,Rayna,Docker,rdocker68@comcast.net,94942 Comanche Trail
crignold69,vrLaQVt,Cornall,Rignold,crignold69@miitbeian.gov.cn,8305 Rockefeller Plaza
msommerled6a,1nmxdIuASg,Minerva,Sommerled,msommerled6a@globo.com,20 Redwing Place
scromack6b,x5xpRHKLWCj,Stephine,Cromack,scromack6b@europa.eu,91910 Anzinger Street
rstreet6c,362ocDJGRn,Rozalie,Street,rstreet6c@noaa.gov,9 Fieldstone Pass
etomkys6d,9KMhIoVrA4H,Eb,Tomkys,etomkys6d@nifty.com,21897 Karstens Center
doakshott6e,1cX7nO,Daryl,Oakshott,doakshott6e@google.de,91 Mallory Way
voverton6f,f6R9i9f,Vern,Overton,voverton6f@joomla.org,10 Luster Lane
tfassam6g,4YyMSC4BPXEC,Temple,Fassam,tfassam6g@zdnet.com,633 Stang Plaza
mgosling6h,OdbsPJhafOj,Mina,Gosling,mgosling6h@admin.ch,11594 Bonner Park
nbrugsma6i,snd8Y2HU8X,Nicolai,Brugsma,nbrugsma6i@usnews.com,6 Coolidge Center
vfitzroy6j,najKVkPUJden,Virge,Fitzroy,vfitzroy6j@deliciousdays.com,3673 David Drive
aneill6k,hepa01w,Aurea,Neill,aneill6k@fc2.com,8135 Bluestem Plaza
frikard6l,XZQhaDakt,Frederich,Rikard,frikard6l@usa.gov,94 Tomscot Court
mgorch6m,7agEfUw,Moselle,Gorch,mgorch6m@google.com,3 Elmside Hill
kplunkett6n,1LSWB98orm,Keelby,Plunkett,kplunkett6n@unesco.org,583 Loeprich Crossing
scraske6o,vIbu2GIlnD0e,Saunder,Craske,scraske6o@virginia.edu,867 Evergreen Alley
nriordan6p,NfJWJUe,Norman,Riordan,nriordan6p@hud.gov,76 Northview Junction
adyhouse6q,yP4KPh,Aluino,Dyhouse,adyhouse6q@tuttocitta.it,1 Talmadge Drive
astudholme6r,pIII9N,Austina,Studholme,astudholme6r@eventbrite.com,5 Golden Leaf Road
nhulk6s,DRynRTjbjF,Nikaniki,Hulk,nhulk6s@microsoft.com,75112 Shelley Pass
znodin6t,qwnU2Q34,Zacharias,Nodin,znodin6t@mediafire.com,35723 Bellgrove Plaza
lpodd6u,Sqv60w41,Laurena,Podd,lpodd6u@hibu.com,8565 Bellgrove Lane
pbowlas6v,7Y1kJ5n3VAr,Penny,Bowlas,pbowlas6v@symantec.com,594 Marquette Lane
ecregan6w,Mm8bFGzb,Edwina,Cregan,ecregan6w@rediff.com,75694 Evergreen Place
tmcauslan6x,sj0Nuua,Teodoor,McAuslan,tmcauslan6x@baidu.com,0 Schiller Place
felloy6y,r4jDixzDEFQw,Fina,Elloy,felloy6y@newyorker.com,6 Prairieview Point
cbarford6z,uzwWvwZbRHu,Coleen,Barford,cbarford6z@irs.gov,812 Springview Junction
cirnys70,ywvzibblFCE,Carlene,Irnys,cirnys70@theglobeandmail.com,600 Crownhardt Parkway
nriolfi71,Wde8sA2P1T3,Neil,Riolfi,nriolfi71@networkadvertising.org,0897 Surrey Avenue
chillen72,lXBJUO,Caroline,Hillen,chillen72@miitbeian.gov.cn,67532 Reindahl Alley
mrubie73,MzYLynVW,Margalo,Rubie,mrubie73@geocities.com,4537 Scott Avenue
glosty74,0WiFCG,Gorden,Losty,glosty74@addthis.com,19130 Heath Pass
gantwis75,X1YgdUw7lIi,Gavra,Antwis,gantwis75@google.ca,2 Nancy Court
gsline76,zkjPiGT9EZ,Gilles,Sline,gsline76@ebay.com,61 Cascade Court
dhradsky77,k9F9Whf,Dina,Hradsky,dhradsky77@shop-pro.jp,485 Dawn Hill
llefwich78,TOS8YIzUU,Leonhard,Lefwich,llefwich78@mit.edu,1 Rieder Alley
cmcquirter79,2cYox5MByi,Cos,McQuirter,cmcquirter79@buzzfeed.com,8 Scofield Pass
mcuel7a,YAvPeNGqaL,Micheal,Cuel,mcuel7a@com.com,7 Oxford Lane
tstickings7b,nFKvLXM2T,Tammie,Stickings,tstickings7b@wikispaces.com,15092 Merrick Park
jfillimore7c,5ojQFZphl6,Jobyna,Fillimore,jfillimore7c@reverbnation.com,1 2nd Park
nbreissan7d,zo9fkiy,Noellyn,Breissan,nbreissan7d@ox.ac.uk,5 Fremont Crossing
dstorm7e,TiIuw4AZ,Darice,Storm,dstorm7e@slashdot.org,93 Kedzie Plaza
dpawelczyk7f,YCad9bdPj,Dru,Pawelczyk,dpawelczyk7f@eventbrite.com,58583 Elgar Circle
bmedlar7g,VErvVActZIm,Bartie,Medlar,bmedlar7g@elegantthemes.com,68 Corscot Road
lbiesinger7h,ghLwwSNAVK,Lula,Biesinger,lbiesinger7h@weather.com,62467 Dovetail Way
hmerrell7i,aPaOYKHH23,Heloise,Merrell,hmerrell7i@symantec.com,0 Green Ridge Park
sdix7j,I8gsS8Bzag,Sondra,Dix,sdix7j@msu.edu,46 3rd Court
cpetruskevich7k,HToMoQ3u9il,Chaunce,Petruskevich,cpetruskevich7k@imdb.com,8 Valley Edge Center
wsenner7l,2878Zv5Zevef,Weston,Senner,wsenner7l@booking.com,252 Packers Terrace
lkaasman7m,BlTNTW56hw3,Luise,Kaasman,lkaasman7m@illinois.edu,2770 Hooker Point
jwolfe7n,5uQ2EXq1i,Josey,Wolfe,jwolfe7n@dion.ne.jp,1 Montana Plaza
cbenallack7o,dunFTsrdWkpW,Cheryl,Benallack,cbenallack7o@artisteer.com,19754 Jay Street
qlennox7p,QsnSH79dpRzY,Quentin,Lennox,qlennox7p@chron.com,68 Thierer Street
kramsdale7q,J5dchSThPK,Kelila,Ramsdale,kramsdale7q@instagram.com,1542 Thierer Point
lguirardin7r,ZzzpHd6,Leela,Guirardin,lguirardin7r@census.gov,0 Old Shore Alley
rcayton7s,B9IcGpCbQilo,Rani,Cayton,rcayton7s@people.com.cn,797 Acker Circle
hoxtarby7t,PlZDCHOfn,Harmonia,Oxtarby,hoxtarby7t@rambler.ru,9636 Sutteridge Trail
aarens7u,9ouHUBdK,Annice,Arens,aarens7u@mozilla.org,059 Sunnyside Avenue
sjan7v,Jxs9gJswhV,Steffie,Jan,sjan7v@unicef.org,9 Namekagon Road
aglasspoole7w,48WGZj,Adriana,Glasspoole,aglasspoole7w@networkadvertising.org,881 Farwell Terrace
breddel7x,eZoY6O,Barbee,Reddel,breddel7x@ustream.tv,356 Pond Drive
jsharer7y,O75BD7Tjkz,Jase,Sharer,jsharer7y@geocities.jp,678 Cardinal Street
jocorrigane7z,ATHylEMI,Jaquenette,O'Corrigane,jocorrigane7z@gizmodo.com,22351 Scoville Road
ffriberg80,D3SZFIO1,Freddy,Friberg,ffriberg80@imdb.com,19 Mariners Cove Lane
adogerty81,Y2rkuIH,Amberly,Dogerty,adogerty81@com.com,93 Novick Park
kprowse82,fqTBGc,Kiley,Prowse,kprowse82@wordpress.com,978 Monica Road
hcrush83,dq2xyYESFP,Helyn,Crush,hcrush83@microsoft.com,8 Waxwing Circle
pantill84,0jWZBI9afNWg,Pasquale,Antill,pantill84@washington.edu,64642 Oriole Trail
cmcvaugh85,Ep6REAxi49s,Catherina,McVaugh,cmcvaugh85@java.com,91 Ilene Junction
ecroneen86,OIB7t3Ig,Etti,Croneen,ecroneen86@canalblog.com,4209 Sommers Street
dwhoston87,1GktLkEgM,Darryl,Whoston,dwhoston87@macromedia.com,6081 Butterfield Place
astowe88,1tnp34Iyz,Ax,Stowe,astowe88@aboutads.info,6 Eggendart Court
mkidsley89,7Sh3bqKBF,Magda,Kidsley,mkidsley89@scientificamerican.com,349 Redwing Road
flodin8a,dhyeVqJ,Fonzie,Lodin,flodin8a@wix.com,3994 Banding Terrace
hbachs8b,tJ91GNvXR,Helsa,Bachs,hbachs8b@shop-pro.jp,7875 7th Way
ljovic8c,QcRPRh7U,Lucius,Jovic,ljovic8c@is.gd,0689 Bultman Avenue
sohanvey8d,dB5ZPxX,Siouxie,O' Hanvey,sohanvey8d@diigo.com,19263 Cherokee Way
desel8e,cFGaYHG6SF,Desmund,Esel,desel8e@rakuten.co.jp,679 Waywood Center
dceyssen8f,h5cLSOJiE5q,Darrick,Ceyssen,dceyssen8f@istockphoto.com,88943 Dixon Road
pesslemont8g,R6927dcHG,Pancho,Esslemont,pesslemont8g@phpbb.com,8221 Village Green Drive
bcrosthwaite8h,TRT2roUj,Burk,Crosthwaite,bcrosthwaite8h@plala.or.jp,91 Clyde Gallagher Hill
ppawson8i,fXINzjyB6FV,Philly,Pawson,ppawson8i@webmd.com,7 Twin Pines Pass
galeksankov8j,XnM5SpwBT,Gena,Aleksankov,galeksankov8j@etsy.com,80275 Sheridan Junction
sprater8k,oEBpEKo9Jw,Shelbi,Prater,sprater8k@bigcartel.com,658 Bay Circle
fklulik8l,AHpXoT,Fernanda,Klulik,fklulik8l@harvard.edu,661 Basil Avenue
bfiggess8m,PZLxnA6wI,Berna,Figgess,bfiggess8m@slate.com,1728 Green Place
cleneve8n,cF28igAzwyO,Clemmy,Leneve,cleneve8n@so-net.ne.jp,13 Warner Trail
bkells8o,Aun0lJ9HF,Bern,Kells,bkells8o@newyorker.com,161 Porter Parkway
dpee8p,cv6sHyH4CLn,Domini,Pee,dpee8p@prlog.org,0836 Basil Avenue
gpentlow8q,HFSBDp,Giffie,Pentlow,gpentlow8q@sina.com.cn,66 Talisman Street
mmartinho8r,8BN45TvG,Meir,Martinho,mmartinho8r@cam.ac.uk,7413 American Road
lbartol8s,DMqQVDeGn34,Luigi,Bartol,lbartol8s@goo.gl,658 Tony Point
lboliver8t,mYROQkGT,Lindsy,Boliver,lboliver8t@unblog.fr,05431 Canary Circle
adummer8u,scmYeli4DK1v,Althea,Dummer,adummer8u@twitter.com,53622 Nobel Junction
ssurfleet8v,1eCmP5BC,Symon,Surfleet,ssurfleet8v@meetup.com,696 Moland Plaza
blamberth8w,wNBcTr,Barri,Lamberth,blamberth8w@jiathis.com,28 Granby Lane
pcapitano8x,Ly0Zy7q,Pat,Capitano,pcapitano8x@cargocollective.com,89546 Bobwhite Pass
obrickett8y,XjBDIMD,Ogdon,Brickett,obrickett8y@usda.gov,491 Cody Park
zvanyatin8z,Wp9PwA,Zerk,Vanyatin,zvanyatin8z@google.es,08 Fallview Crossing
csignoret90,JpTiLo,Claiborn,Signoret,csignoret90@bigcartel.com,39 Pierstorff Place
afudge91,KIasgVLtR,Avrit,Fudge,afudge91@usgs.gov,001 Clove Street
tminghetti92,8wqC7GObhWEy,Trevor,Minghetti,tminghetti92@usatoday.com,67270 Kipling Plaza
abarlow93,oA9t646j,Adelbert,Barlow,abarlow93@newyorker.com,1636 Shelley Junction
achampney94,hOmbSy8e3q,Ava,Champney,achampney94@pcworld.com,6615 Ruskin Place
kleaves95,Nfmb8UKY,Kasey,Leaves,kleaves95@guardian.co.uk,95 Sugar Trail
enezey96,U5X8bI3DPsn,Emerson,Nezey,enezey96@opera.com,59 Steensland Court
byabsley97,Rxw8md7yW,Blayne,Yabsley,byabsley97@over-blog.com,1811 Redwing Parkway
khardy98,KD49ZI,Karyl,Hardy,khardy98@fema.gov,63069 Gale Lane
tsidnell99,IHWDJhDc,Thalia,Sidnell,tsidnell99@comsenz.com,3013 Melrose Alley
lzuann9a,tCi5ZKl,Lilian,Zuann,lzuann9a@wordpress.com,2327 Stang Pass
rdumbrell9b,ZT3QvSy,Rutger,Dumbrell,rdumbrell9b@huffingtonpost.com,0 Buell Park
nsteed9c,q9a06yXNiDa,Nissa,Steed,nsteed9c@webnode.com,5 Steensland Place
vvoak9d,0Rl4EiDTsoY,Vivien,Voak,vvoak9d@ted.com,3513 Aberg Alley
hshevels9e,rLvJ5t,Hashim,Shevels,hshevels9e@dedecms.com,01 Service Crossing
zdewdney9f,fuO5nP5l,Zebulen,Dewdney,zdewdney9f@baidu.com,4262 Amoth Court
blillow9g,O43aiyBa3vZY,Bernhard,Lillow,blillow9g@elegantthemes.com,3 Waxwing Junction
jparkins9h,Zi0shWTtcnOl,Jake,Parkins,jparkins9h@pinterest.com,2 Kinsman Point
bgame9i,A1bElvj9vw,Bram,Game,bgame9i@friendfeed.com,5927 Darwin Street
jbosnell9j,pXIpSu6Fy,Jacquette,Bosnell,jbosnell9j@umn.edu,7859 North Alley
pewdale9k,34fjNQ9RQ38,Purcell,Ewdale,pewdale9k@ihg.com,88 Memorial Avenue
nrichichi9l,DPlzcU2,Niels,Richichi,nrichichi9l@bigcartel.com,13792 Acker Point
cguilford9m,ouT6gdqn,Clayborn,Guilford,cguilford9m@nhs.uk,3 Granby Terrace
nrieger9n,MXFTjz51,Norma,Rieger,nrieger9n@nature.com,925 Anderson Alley
tschober9o,7vJaEKW,Terri-jo,Schober,tschober9o@newyorker.com,84106 Barby Circle
aroby9p,uQtzQ9iWWfj,Alfreda,Roby,aroby9p@pcworld.com,995 Russell Street
jbenninger9q,QCLSt6j470NT,Joey,Benninger,jbenninger9q@slate.com,63 Hagan Place
slyles9r,G3BLif4,Staford,Lyles,slyles9r@amazon.de,63387 Meadow Vale Terrace
tmacritchie9s,Z8EERqSDkY,Tremayne,MacRitchie,tmacritchie9s@dedecms.com,151 Continental Road
dtordiffe9t,GgbLbiltrOgV,Daniella,Tordiffe,dtordiffe9t@vistaprint.com,01319 Esker Crossing
wlevee9u,URL0B3zpGh,Wendeline,Levee,wlevee9u@naver.com,76195 Pearson Center
mlaughlan9v,BFrczW8ug,Marlene,Laughlan,mlaughlan9v@t.co,0798 Helena Parkway
ciorillo9w,5OAnqbz2,Connor,Iorillo,ciorillo9w@mit.edu,4568 Hovde Street
krigge9x,DnIbvF,Kendricks,Rigge,krigge9x@sun.com,0 Clove Center
fsille9y,tGLHHwtN2HO,Flora,Sille,fsille9y@census.gov,4707 Trailsway Avenue
dsibbet9z,85CeAxOiIBEG,Dorrie,Sibbet,dsibbet9z@ow.ly,46 Logan Terrace
lhallswortha0,ef3ifx5s2q3,Lizbeth,Hallsworth,lhallswortha0@sciencedirect.com,44528 Morrow Drive
othickinga1,sTGym5VaKQ,Olivette,Thicking,othickinga1@abc.net.au,3903 Northfield Center
mbicknella2,rmPL9HMbF,Matias,Bicknell,mbicknella2@dagondesign.com,1 Evergreen Plaza
lroddya3,Z53oVo,Leonerd,Roddy,lroddya3@sakura.ne.jp,10641 Michigan Court
hrestieauxa4,mONdWC7,Homer,Restieaux,hrestieauxa4@berkeley.edu,8 Comanche Park
rnoona5,D2xJSTBFh9W,Richard,Noon,rnoona5@shutterfly.com,037 Esch Pass
edowsea6,WPCblgWm,Efren,Dowse,edowsea6@myspace.com,8467 Pearson Crossing
srichardina7,zw52dit8,Salome,Richardin,srichardina7@liveinternet.ru,66026 Nobel Circle
twarfielda8,6aMn6zr,Timotheus,Warfield,twarfielda8@gov.uk,5370 Brickson Park Way
amacknockera9,rDQpOw,Atalanta,MacKnocker,amacknockera9@craigslist.org,971 Calypso Court
fsimonaa,8J5pkrUZX,Ferdinand,Simon,fsimonaa@weibo.com,4 Longview Parkway
lnapoleonab,mCE3nmV3IU,Lorinda,Napoleon,lnapoleonab@bluehost.com,6076 Village Green Lane
hritchieac,rMcVw4xt,Harriette,Ritchie,hritchieac@sina.com.cn,6 Warner Drive
bjoselandad,zeIc8P2r,Berti,Joseland,bjoselandad@army.mil,3 Eastlawn Pass
mseersae,FblMTK,Monica,Seers,mseersae@creativecommons.org,49291 Rieder Alley
wbeckinsallaf,r5e5o3a,Waite,Beckinsall,wbeckinsallaf@mozilla.com,3 Kenwood Drive
tbaldiag,f4ky1adh,Tatiana,Baldi,tbaldiag@paginegialle.it,198 Green Road
jgreengrassah,GzIDT2fS,Jayme,Greengrass,jgreengrassah@google.ca,9951 Bayside Park
jsellyai,YWMUTBa06Hs,Jeff,Selly,jsellyai@reference.com,120 Menomonie Point
fcaustonaj,mA5cS63u,Faunie,Causton,fcaustonaj@hibu.com,134 Packers Center
adoornbosak,Fi9SKyoXp1Pc,Arther,Doornbos,adoornbosak@latimes.com,03 Mandrake Place
roliphardal,AEhP3jE3qh,Rivkah,Oliphard,roliphardal@webs.com,0 Anthes Court
oadeyam,6kEZYzAf,Olympie,Adey,oadeyam@typepad.com,3682 Green Junction
rcolletean,TsXFuoJBnJ,Robinia,Collete,rcolletean@smugmug.com,27 Sunnyside Drive
mszwarcao,xIogZE0MD,Minni,Szwarc,mszwarcao@google.com,448 Lindbergh Hill
klarkworthyap,Tw92dUgDu9tX,Kalie,Larkworthy,klarkworthyap@360.cn,79658 Lakeland Junction
ltheussaq,TC2BhcBgS,Llywellyn,Theuss,ltheussaq@hugedomains.com,9 Charing Cross Lane
hdanforthar,dtSUdWn6,Harold,Danforth,hdanforthar@quantcast.com,5209 Moulton Way
vjimeas,3eTgQUG5,Vivianna,Jime,vjimeas@topsy.com,524 Maple Wood Crossing
bhartusat,rTrjvO,Bjorn,Hartus,bhartusat@cafepress.com,30 American Park
hkennerknechtau,dM4BDA,Had,Kennerknecht,hkennerknechtau@wix.com,264 Loomis Park
fcordleav,Z3mMlWt,Florencia,Cordle,fcordleav@goo.ne.jp,03 Hintze Road
mmcleoidaw,j8bh02SpHl2M,Mohandas,McLeoid,mmcleoidaw@ucsd.edu,461 Little Fleur Road
brupelax,B5DWwXZdy,Becky,Rupel,brupelax@usatoday.com,3 Corscot Trail
cdeemingay,gLXxAm,Chickie,Deeming,cdeemingay@last.fm,9201 Kenwood Avenue
tpittendreighaz,WzipSIazd1PP,Teddy,Pittendreigh,tpittendreighaz@icio.us,67681 Vera Drive
mgokesb0,CXAGknH,Merv,Gokes,mgokesb0@archive.org,818 Eastlawn Drive
ccarltonb1,KeoiLBTAt,Cleopatra,Carlton,ccarltonb1@amazonaws.com,23 Warbler Avenue
kgouldebyb2,A6DPKA,Karol,Gouldeby,kgouldebyb2@ucoz.com,756 Coolidge Court
ghefnerb3,BPrFfgrvmX8,Gibbie,Hefner,ghefnerb3@mayoclinic.com,183 Merrick Street
amaudeb4,lSJsv7PockCP,Abran,Maude,amaudeb4@mediafire.com,80199 Delladonna Point
dbaystingb5,YFdpWTb,Dal,Baysting,dbaystingb5@instagram.com,2834 Cambridge Parkway
mrebouletb6,67cLpimg,Merrilee,Reboulet,mrebouletb6@princeton.edu,515 Bultman Park
liannuzzib7,blgeuh,Lindsay,Iannuzzi,liannuzzib7@live.com,19614 Iowa Park
jtremlettb8,R8IavNK,Jess,Tremlett,jtremlettb8@amazon.co.uk,4147 Barnett Avenue
fkeymarb9,bvoQHZeJq,Forrest,Keymar,fkeymarb9@cnn.com,67140 Moose Circle
twarcupba,YZxteHjt,Trix,Warcup,twarcupba@telegraph.co.uk,16 Summit Court
wcastelletbb,J8kafnbR,Winifield,Castellet,wcastelletbb@issuu.com,872 Fieldstone Avenue
ttroutbeckbc,lyBBu5,Tomlin,Troutbeck,ttroutbeckbc@wordpress.org,4 Sullivan Junction
mmoultriebd,fPEoU1i9i1,Merell,Moultrie,mmoultriebd@mashable.com,2 Becker Center
bwastallbe,q4G1FJ,Bourke,Wastall,bwastallbe@discovery.com,87697 Continental Pass
rsoanesbf,IAB3iJwV76sg,Ruddie,Soanes,rsoanesbf@geocities.jp,62 Eastwood Parkway
elyfieldbg,KiJNmB,Elyn,Lyfield,elyfieldbg@deliciousdays.com,097 Sommers Way
mtorettabh,85knVVyuzlT,Myrilla,Toretta,mtorettabh@hibu.com,7603 Ruskin Point
tscrutonbi,no4z1gV6HV,Trenton,Scruton,tscrutonbi@last.fm,16 Buena Vista Plaza
tsheehybj,0SfnRFG,Taffy,Sheehy,tsheehybj@bbb.org,6747 Petterle Park
dwerrettbk,sQjIym0JlgpH,Denyse,Werrett,dwerrettbk@prnewswire.com,42095 Stoughton Avenue
ejambrozekbl,4wJIdQ60tY,Eldredge,Jambrozek,ejambrozekbl@themeforest.net,58134 Oriole Trail
bdawidowitschbm,Nes5Ke,Bea,Dawidowitsch,bdawidowitschbm@google.com,8 Shasta Trail
pprendeguestbn,7kxFTF,Paulette,Prendeguest,pprendeguestbn@networksolutions.com,3 Monica Trail
mchristiensenbo,6qGEETCLLM,Madalena,Christiensen,mchristiensenbo@yolasite.com,0 Westend Avenue
amushettbp,nt3WwGV,Alexis,Mushett,amushettbp@bbc.co.uk,335 Bashford Way
tmcsparranbq,WOSM0vS,Terese,McSparran,tmcsparranbq@sogou.com,4 Corscot Place
bsempillbr,xbGiOqn,Barty,Sempill,bsempillbr@amazonaws.com,2341 Stone Corner Drive
ohaugbs,C00U1nw1x6,Ortensia,Haug,ohaugbs@examiner.com,865 Arkansas Hill
ieglingtonbt,GvKZmYVyY,Isabelita,Eglington,ieglingtonbt@time.com,67 Jay Pass
wgeckebu,OdBDMBn,Whitman,Gecke,wgeckebu@pbs.org,6565 Saint Paul Center
kflaxonbv,hwywsUEe7P,Kyrstin,Flaxon,kflaxonbv@symantec.com,903 Ludington Alley
lgaylordbw,fkqm5SyAh6,Leese,Gaylord,lgaylordbw@tmall.com,86328 Thierer Place
rhanveybx,YpnyMfLBt,Rebbecca,Hanvey,rhanveybx@mac.com,052 Farragut Parkway
dwellsteadby,Hwup56zY2Y2,Daisie,Wellstead,dwellsteadby@google.com,597 Milwaukee Plaza
dorderbz,BVAjmf,David,Order,dorderbz@harvard.edu,63 Hudson Court
dtwinningc0,kHHyf4,Dolores,Twinning,dtwinningc0@networksolutions.com,16243 Norway Maple Point
kjoselovitchc1,eIw9OY,Kala,Joselovitch,kjoselovitchc1@arizona.edu,41950 Knutson Lane
sapplebeec2,2dPYX4,Samuel,Applebee,sapplebeec2@gizmodo.com,224 2nd Hill
ecathelc3,1Yn1gH50P,Elisabeth,Cathel,ecathelc3@ustream.tv,61657 Dixon Parkway
friellyc4,jWn5BZNm,Frazier,Rielly,friellyc4@ucsd.edu,868 Ramsey Pass
tcollisterc5,Yla0ev,Tori,Collister,tcollisterc5@e-recht24.de,87188 Esker Trail
nduddanc6,NBKAM0,Nikkie,Duddan,nduddanc6@techcrunch.com,8 Northfield Drive
ddaidc7,kSXlD6V0Ox,Dorey,Daid,ddaidc7@businessweek.com,46552 Briar Crest Street
swerlockc8,775HjBYqOb,Silvain,Werlock,swerlockc8@illinois.edu,8 Stuart Center
vwimpeneyc9,Mgm9fPcSO5,Valentin,Wimpeney,vwimpeneyc9@cmu.edu,6 Blackbird Point
gbruckentca,Z9EFdBCQL,Godiva,Bruckent,gbruckentca@ucoz.ru,9060 Maple Street
mfenimorecb,VePEVaLbl6,Marcellina,Fenimore,mfenimorecb@about.me,607 Iowa Court
alorrimancc,eAv8r6f2,Aimil,Lorriman,alorrimancc@ow.ly,49 Sugar Center
emeddemmencd,XlL6MZdGseOc,Eda,Meddemmen,emeddemmencd@theglobeandmail.com,98663 Petterle Place
jabazice,NmvbaAyyLr0q,Jillana,Abazi,jabazice@imdb.com,23 Porter Crossing
ebunchcf,Pi7KV6wYtja8,Elvira,Bunch,ebunchcf@fotki.com,702 Lighthouse Bay Circle
alitzmanncg,DTMsBm7,Alasteir,Litzmann,alitzmanncg@dyndns.org,395 Center Place
sfitzackerleych,uZXzr2cax0D,Sheryl,Fitzackerley,sfitzackerleych@slate.com,56 Bunting Avenue
bboullenci,edHN3H7e0s,Bethena,Boullen,bboullenci@theglobeandmail.com,63 Charing Cross Alley
bbantoncj,JOz2b2,Brianna,Banton,bbantoncj@wordpress.com,456 Sherman Place
gvakhoninck,BP2Lgz8s,Goldia,Vakhonin,gvakhoninck@hugedomains.com,358 3rd Plaza
asexceycl,DQvcm605QC,Alida,Sexcey,asexceycl@epa.gov,6 Ludington Avenue
cwanlesscm,ScN9l5o,Corilla,Wanless,cwanlesscm@indiatimes.com,93956 Mcbride Parkway
slamburnecn,4GTYMew,Stefa,Lamburne,slamburnecn@mediafire.com,396 Bowman Court
teverestco,POMywje,Trina,Everest,teverestco@vimeo.com,9 Dorton Park
nmclagancp,a8FO7a,Noelyn,McLagan,nmclagancp@bandcamp.com,7565 Forest Run Alley
mdallemorecq,df3xNmvi,Maureen,Dallemore,mdallemorecq@prweb.com,37322 Pearson Alley
lburlesscr,rIzvHfi8pdk,Lutero,Burless,lburlesscr@sogou.com,5 Crescent Oaks Crossing
ftrekercs,plxeEU,Findley,Treker,ftrekercs@clickbank.net,0 Linden Drive
jkondratenkoct,JGSfNs,Jarad,Kondratenko,jkondratenkoct@trellian.com,61639 Milwaukee Alley
rsylvestercu,JlnJ50i,Raul,Sylvester,rsylvestercu@soup.io,46436 Granby Trail
wdyhousecv,OYglRpl,Waldemar,Dyhouse,wdyhousecv@weebly.com,02 Dexter Plaza
gspeakscw,QIx4qmtIo,Georgi,Speaks,gspeakscw@google.co.uk,21695 Eagan Road
tbendingcx,86LVptK,Theodora,Bending,tbendingcx@t.co,40 Manufacturers Way
mscinellicy,c8fKpq5x,Margarete,Scinelli,mscinellicy@mapquest.com,507 Merchant Place
lkorescz,OoMXsuN,Lonni,Kores,lkorescz@ustream.tv,8392 Carioca Lane
tjansensd0,hNFNbxqAnQ,Tildie,Jansens,tjansensd0@archive.org,46138 Warbler Park
mstickellsd1,eOB1Jq,Minda,Stickells,mstickellsd1@marriott.com,865 Farmco Drive
ldonativod2,aS7wHJVF,Lamar,Donativo,ldonativod2@fema.gov,72 Almo Center
jpitfordd3,Bmd3DTMmB5,Jewel,Pitford,jpitfordd3@istockphoto.com,78 Mcbride Place
zingermand4,sONXtoGYzoL1,Zacharia,Ingerman,zingermand4@wikimedia.org,15141 Portage Avenue
dfibbittsd5,P15unKP,Dorita,Fibbitts,dfibbittsd5@csmonitor.com,055 Westport Parkway
mfosherd6,nEaEJxqB0,Marion,Fosher,mfosherd6@fastcompany.com,0734 Armistice Hill
lsteagalld7,Hx02fc90,Lyn,Steagall,lsteagalld7@globo.com,87818 Moose Crossing
sferrieresd8,w38Fjb9A,Slade,Ferrieres,sferrieresd8@wikia.com,9 Westridge Alley
gburnelld9,gI0mNGqI,Gregor,Burnell,gburnelld9@weibo.com,075 Hallows Parkway
tmccreeryda,pZ7OHLv0u,Ty,McCreery,tmccreeryda@cocolog-nifty.com,7 Elka Parkway
hkleiserdb,rCAbB9S,Hirsch,Kleiser,hkleiserdb@state.gov,15 Fieldstone Terrace
cwithringtondc,5APx3huBY1VQ,Cletis,Withrington,cwithringtondc@craigslist.org,49 Tennyson Street
smcmahondd,ljF7vZcIF,Sapphira,McMahon,smcmahondd@delicious.com,4 Namekagon Parkway
lklezmskide,zk8Ayy,Leigh,Klezmski,lklezmskide@homestead.com,26 Schiller Place
apuddiferdf,k0bnN9m3NtK,Augusta,Puddifer,apuddiferdf@360.cn,22666 Bartillon Hill
csiemandldg,XLrv34kvM4s,Constantine,Siemandl,csiemandldg@github.io,8 Quincy Way
tbestimandh,N9WKmHo8PEv,Tommie,Bestiman,tbestimandh@is.gd,164 Namekagon Road
gmclennandi,qxnzHM,Glory,McLennan,gmclennandi@techcrunch.com,9 Commercial Way
rbanaszkiewiczdj,EWYnrPPZEPJ,Reed,Banaszkiewicz,rbanaszkiewiczdj@columbia.edu,876 Basil Way
abrunetdk,N7hbvmHg,Augusta,Brunet,abrunetdk@google.pl,60864 Oxford Point
cwethdl,wQXngz,Charline,Weth,cwethdl@yahoo.com,87031 Hansons Crossing
nsayesdm,hrHkngR,Natividad,Sayes,nsayesdm@amazon.co.jp,69253 Trailsway Circle
wessondn,UhCorXtZ0V,Waring,Esson,wessondn@narod.ru,2735 Meadow Ridge Hill
tsaverydo,sJKd7rCly,Timmi,Savery,tsaverydo@devhub.com,30486 Bashford Pass
wregglerdp,l2HKC5K,Wadsworth,Reggler,wregglerdp@cnbc.com,5 Kingsford Way
mphipsondq,oRzTr9HPs8rL,Marlo,Phipson,mphipsondq@altervista.org,315 John Wall Court
ecowindr,7cOXF16Fxf,Emery,Cowin,ecowindr@amazon.com,69823 Bobwhite Hill
bleadds,3HWKcW9MHc,Bayard,Lead,bleadds@toplist.cz,6170 Dayton Avenue
kpriverdt,rpvCE628Wm,Kissie,Priver,kpriverdt@ocn.ne.jp,37025 Welch Parkway
mbosdendu,gCJB6Z8g9gl,Maurie,Bosden,mbosdendu@hugedomains.com,91 Sutherland Point
kdoriedv,ZPKthc9h,Kip,Dorie,kdoriedv@sphinn.com,86 Scoville Alley
neliasendw,O6upQg,Nichols,Eliasen,neliasendw@furl.net,476 Nova Street
hrushbrookedx,fhv9ch0m,Hughie,Rushbrooke,hrushbrookedx@purevolume.com,2 Gale Circle
stroctordy,15pC0aC3,Sydelle,Troctor,stroctordy@walmart.com,5048 Service Parkway
bglavesdz,j9x0k0nZPudz,Briana,Glaves,bglavesdz@seattletimes.com,127 Anthes Plaza
arosberge0,E7LjtAjVe,Ammamaria,Rosberg,arosberge0@unesco.org,8864 Bultman Circle
wfressone1,HFv56P5N,Waldo,Fresson,wfressone1@github.com,5535 Arrowood Hill
nsadgrovee2,HrtJJUMQS5s,Nevins,Sadgrove,nsadgrovee2@sbwire.com,2 Farmco Center
bspirese3,PjVKCk,Brice,Spires,bspirese3@thetimes.co.uk,761 Dryden Plaza
kgrealishe4,LxNvrw,Klaus,Grealish,kgrealishe4@soup.io,39 Carey Terrace
ggrievee5,nVd50M0ECN,Glad,Grieve,ggrievee5@infoseek.co.jp,9171 Kipling Drive
sdeavine6,F6Wd1b,Sondra,Deavin,sdeavine6@amazon.co.uk,8712 Oriole Circle
daclande7,DTzE5sKc,Danya,Acland,daclande7@dailymail.co.uk,8 Schiller Trail
tpennicarde8,ftIy5t,Thomas,Pennicard,tpennicarde8@woothemes.com,63 Judy Park
ftabore9,OfXe3nN8s,Fianna,Tabor,ftabore9@imageshack.us,874 Welch Parkway
bgravenorea,lt9j0frbQ,Bone,Gravenor,bgravenorea@tuttocitta.it,0 Butterfield Drive
sudyeb,Xx3DJ61,Silvana,Udy,sudyeb@about.me,9 Anniversary Parkway
enockoldsec,UOOaBGHt0fC,Ewan,Nockolds,enockoldsec@etsy.com,92202 Sugar Point
dscourgeed,KxdlTFa,Dur,Scourge,dscourgeed@unicef.org,5 Independence Terrace
nkippinee,vL0AaqQB4,Natal,Kippin,nkippinee@reddit.com,4 La Follette Avenue
klantiffeef,Pa9wohhf,Kippie,Lantiffe,klantiffeef@forbes.com,96304 Waubesa Center
rlemanueg,h6e2GMcC,Rutherford,Lemanu,rlemanueg@ucsd.edu,421 Hayes Lane
maluardeh,Rb8crU,Marylin,Aluard,maluardeh@newyorker.com,5 Carioca Terrace
uhodgonei,cD8UCZUvA,Urson,Hodgon,uhodgonei@wisc.edu,9183 Sunbrook Street
jswainsonej,j6QLVIs2,Joleen,Swainson,jswainsonej@hud.gov,178 Moose Terrace
lbrechek,WLYu5xZ,Leilah,Brech,lbrechek@dropbox.com,3 Calypso Court
tpidlerel,1awBqufKwEHA,Tris,Pidler,tpidlerel@ocn.ne.jp,19649 Twin Pines Terrace
ldeliaem,gfvAzj,Lexie,D'Elia,ldeliaem@vistaprint.com,3484 Moulton Park
noddeyen,uxIVWDy,Nata,Oddey,noddeyen@chronoengine.com,55 Montana Parkway
cdrinkalleo,A6GB1pTdOb2,Cammi,Drinkall,cdrinkalleo@canalblog.com,442 Nobel Trail
mheggeep,qupUsF76G9Tb,Mathias,Hegge,mheggeep@twitpic.com,431 Fuller Park
tdumbareq,ZX2WMUj,Tootsie,Dumbar,tdumbareq@acquirethisname.com,5723 2nd Street
cmaddyer,zZ37J5vTz0,Christoph,Maddy,cmaddyer@github.com,532 Redwing Alley
opabloses,bFNEez90J,Othella,Pablos,opabloses@sohu.com,33 Loftsgordon Point
scandeyet,o3pQHB7,Shandee,Candey,scandeyet@nps.gov,9733 Lukken Drive
mlandreaneu,eBhQottT0oUs,Marquita,Landrean,mlandreaneu@devhub.com,19026 Bobwhite Circle
pgillaspyev,wtKi7GeUJ11,Pierson,Gillaspy,pgillaspyev@census.gov,0927 Cambridge Parkway
swrinchew,fSC0E8GO,Stanislaw,Wrinch,swrinchew@statcounter.com,007 Gerald Lane
ctrehearneex,STT8Me,Carmelia,Trehearne,ctrehearneex@wunderground.com,0107 Bunker Hill Plaza
bdraneey,BPnNLTSLq,Baxie,Drane,bdraneey@gizmodo.com,28 Transport Parkway
dbeadnallez,XQnt5GNdzJ,Denver,Beadnall,dbeadnallez@adobe.com,71 Reinke Point
gfeaveerf0,eaoSJSepzXfK,Georgi,Feaveer,gfeaveerf0@cisco.com,1 Esch Street
alettsf1,N1QohT9e,Auberta,Letts,alettsf1@prweb.com,86247 Anthes Park
nlafondf2,DE4GTAxl,Norina,Lafond,nlafondf2@microsoft.com,6 New Castle Pass
esiviterf3,NALtKl,Elsy,Siviter,esiviterf3@github.io,15198 Londonderry Hill
larthanf4,ayJdUDGYTp6I,Luther,Arthan,larthanf4@shop-pro.jp,3 Debra Alley
nlochranf5,LrSDdPj,Neil,Lochran,nlochranf5@slashdot.org,86502 Cherokee Avenue
hmougelf6,xNSpS6JDnHeF,Hyacinth,Mougel,hmougelf6@sogou.com,6601 Mendota Hill
xgaukrogerf7,giAdeq,Xerxes,Gaukroger,xgaukrogerf7@oakley.com,390 Orin Plaza
edeamerf8,Ik5f0IBUCZ,Emlynn,Deamer,edeamerf8@webmd.com,2289 Briar Crest Crossing
lespinoyf9,TQFPoH8i,Luise,Espinoy,lespinoyf9@1688.com,84417 Washington Alley
cblakesfa,mNeOmle68,Cyndi,Blakes,cblakesfa@phpbb.com,7 Butterfield Park
bcollcuttfb,rz79Ljd,Bobinette,Collcutt,bcollcuttfb@goodreads.com,9148 Norway Maple Trail
rpoldenfc,t5QbWEem,Renato,Polden,rpoldenfc@ifeng.com,513 Clemons Hill
tstrewtherfd,cy1CZgxBj48,Tito,Strewther,tstrewtherfd@paypal.com,3 Union Trail
ecleveleyfe,wATLnUs9N5,Ester,Cleveley,ecleveleyfe@si.edu,966 Ramsey Way
ldoullff,OSw8WjBQnhi,Lucila,Doull,ldoullff@drupal.org,90061 Montana Lane
wdanielsenfg,iNH4tgge7,Wain,Danielsen,wdanielsenfg@ifeng.com,9 8th Alley
gfaircliffefh,Evemno8Pdp,Georgie,Faircliffe,gfaircliffefh@google.es,91850 Sheridan Parkway
dsambidgefi,UfdtMZpgW8vU,Drucie,Sambidge,dsambidgefi@delicious.com,3922 Pankratz Circle
sdickerfj,PuqpiqEa4uA,Sebastiano,Dicker,sdickerfj@weebly.com,529 Northwestern Lane
zfitzackerleyfk,0NNabPqRN6,Zaneta,Fitzackerley,zfitzackerleyfk@gmpg.org,5 Rusk Plaza
mspraggefl,dDEuTD31x,Maurise,Spragge,mspraggefl@e-recht24.de,04047 Ohio Alley
rgodleyfm,xQ8GSUxezZD6,Rianon,Godley,rgodleyfm@github.com,49 Sage Drive
lwhodcoatfn,AP6fmI0k4Tll,Lucine,Whodcoat,lwhodcoatfn@craigslist.org,1548 Farmco Street
jdamperfo,G98HWm8FDzpl,Jerrie,Damper,jdamperfo@boston.com,4163 Rieder Crossing
lsyselandfp,OvnBpH,Luther,Syseland,lsyselandfp@is.gd,011 Bartelt Place
abroufq,jlU32Pb1GO,Alexandros,Brou,abroufq@bloglines.com,46130 Russell Street
glagrangefr,m3hWZWqY,Goldina,La Grange,glagrangefr@theatlantic.com,4 Lakeland Pass
kfryettfs,nh6zSCibDA63,Kelsey,Fryett,kfryettfs@networkadvertising.org,7 Elka Park
adibenft,JmW2mb8pen,Aline,Diben,adibenft@jiathis.com,070 Arrowood Avenue
anannifu,LegXxpVtGs,Addie,Nanni,anannifu@youtu.be,5046 Rockefeller Place
rhorningfv,UvSbfzeM5N,Rodolfo,Horning,rhorningfv@acquirethisname.com,400 Thompson Park
jandriessenfw,450HDBpJHC,Judi,Andriessen,jandriessenfw@wordpress.org,4148 Bartillon Point
fbattellefx,RR4qi0z6ULSq,Ferdie,Battelle,fbattellefx@facebook.com,7280 Donald Junction
bstripplingfy,PGkikHqmJvQe,Bernelle,Strippling,bstripplingfy@slate.com,74687 Forster Street
bbillitterifz,We6FUp7dK,Benjamen,Billitteri,bbillitterifz@cnn.com,2 Kim Way
lrubertellig0,4tlVA2X45,Liam,Rubertelli,lrubertellig0@printfriendly.com,2034 Heath Circle
ndicksong1,Z5JATQL5,Nikita,Dickson,ndicksong1@marketwatch.com,61187 1st Alley
kjeremiahg2,nOQUSYmH8zGR,Kimberlyn,Jeremiah,kjeremiahg2@samsung.com,4081 Prentice Pass
yairdg3,r4m663h,Yasmin,Aird,yairdg3@example.com,19 Michigan Pass
kauldg4,ENYrfTPpTyCO,Katrine,Auld,kauldg4@mlb.com,2 Rigney Park
jspinksg5,FTsC6iHo,Jerry,Spinks,jspinksg5@comsenz.com,728 Leroy Trail
kdossitg6,4oqFdRgxAISb,Kent,Dossit,kdossitg6@bloomberg.com,0870 1st Plaza
frambleg7,JmmnQR,Farah,Ramble,frambleg7@mashable.com,4 Sullivan Plaza
jdoolang8,YvlyfhGVgNFS,Jocelyne,Doolan,jdoolang8@cdc.gov,4 Ludington Terrace
tsaynorg9,A1NCW3Ik92yb,Tadd,Saynor,tsaynorg9@godaddy.com,5 Arapahoe Park
croderhamga,OzZ23EYIV4i1,Clayborne,Roderham,croderhamga@homestead.com,95843 Cambridge Park
mbruynsgb,2WgzmZJhcvY,Marina,Bruyns,mbruynsgb@wiley.com,30457 Haas Place
mclementgc,CDlV9zYu,Marcel,Clement,mclementgc@linkedin.com,6 Loomis Road
gpelosigd,n5Jmdf,Gerri,Pelosi,gpelosigd@intel.com,556 Gulseth Place
cmcmahonge,eFWMRkDe6,Cindra,McMahon,cmcmahonge@hud.gov,462 Fieldstone Circle
jmargueritegf,GkIlwwXm,Joelynn,Marguerite,jmargueritegf@foxnews.com,06097 Glendale Avenue
fclaasengg,pOi01jD1,Federico,Claasen,fclaasengg@blogger.com,36 Hayes Drive
fharsentgh,VHABJuOwIz,Fayre,Harsent,fharsentgh@deviantart.com,32328 Prairieview Circle
mavrahamgi,5ImMHU,Malissia,Avraham,mavrahamgi@hostgator.com,9 Lawn Way
aandresengj,jXYvwo0d,Annecorinne,Andresen,aandresengj@homestead.com,3 Monterey Junction
jtowsiegk,5xgEEhqdB0gB,Jewell,Towsie,jtowsiegk@mashable.com,48594 Fordem Circle
kmcmenamingl,33aPE3xHTV,Kipper,McMenamin,kmcmenamingl@histats.com,63 Huxley Crossing
ndurrantgm,GQUg9VIhivp,Nikolos,Durrant,ndurrantgm@netlog.com,0834 Starling Place
smattgn,iFSBSNKx,Stacy,Matt,smattgn@mail.ru,99 Farmco Place
gwisemango,mRW4suL7l,Godart,Wiseman,gwisemango@sina.com.cn,63 Anhalt Place
aweallgp,VnJgEeifc3Gu,Arlyn,Weall,aweallgp@smugmug.com,9581 Pleasure Court
kbrittangq,pcuRArPWX6VA,Kent,Brittan,kbrittangq@miitbeian.gov.cn,84251 Glacier Hill Crossing
smyersgr,Wt3NEwulY,Shawnee,Myers,smyersgr@hud.gov,4 Del Mar Parkway
ftysallgs,J9n7910O,Filip,Tysall,ftysallgs@economist.com,542 Eggendart Park
cquarmbygt,YzBozxGzf,Cordell,Quarmby,cquarmbygt@addthis.com,216 Trailsway Way
dstroulgergu,V4A1I0MVT,Dona,Stroulger,dstroulgergu@cam.ac.uk,8636 Prentice Park
aarpinogv,rpUTxn,Arabella,Arpino,aarpinogv@vk.com,3 Shoshone Pass
alabbagw,U240CO0,Amelina,Labba,alabbagw@ezinearticles.com,42986 Manley Hill
bkobschgx,1WBefsD6,Barrie,Kobsch,bkobschgx@reuters.com,4 Rockefeller Junction
alinnitgy,Xc03Zd3q,Andrei,Linnit,alinnitgy@amazon.de,603 Jenifer Crossing
rpressleegz,y79PI06,Roselin,Presslee,rpressleegz@dagondesign.com,36 Loomis Road
rneilh0,ObrzdvBIfg9C,Roldan,Neil,rneilh0@buzzfeed.com,663 Burning Wood Street
tcleoburyh1,NolWV6m,Torey,Cleobury,tcleoburyh1@omniture.com,075 Stoughton Circle
ofrossellh2,GqkU2UNnLIev,Orel,Frossell,ofrossellh2@intel.com,79864 Lawn Avenue
estrainh3,4kS0DUvBmT,Evangelina,Strain,estrainh3@1und1.de,2 Acker Crossing
wlawlandh4,kbTrA1sCFPEr,Wallis,Lawland,wlawlandh4@java.com,598 International Center
kenderbyh5,lNQRfpai,Kakalina,Enderby,kenderbyh5@webeden.co.uk,7640 Dexter Center
mbeavonh6,WYw6LJAqq,Moreen,Beavon,mbeavonh6@furl.net,9 Heath Circle
aiacoboh7,yn3vHaHIB,Ange,Iacobo,aiacoboh7@twitter.com,1102 La Follette Circle
dflohardh8,oEDKlcsO,Dari,Flohard,dflohardh8@usatoday.com,06 Leroy Drive
medgarh9,MG9v9PxcTm,Marja,Edgar,medgarh9@theguardian.com,90706 Talisman Court
mguthrieha,oeIMDUX2n,Merell,Guthrie,mguthrieha@icq.com,55 Express Street
rpidonhb,yNvf0mm3D9,Rhianon,Pidon,rpidonhb@rakuten.co.jp,3 Springview Parkway
hladenhc,0sWIC7K,Harley,Laden,hladenhc@ebay.co.uk,687 Cordelia Street
pspittalhd,v0CXTBt3Bi,Pia,Spittal,pspittalhd@amazon.com,3 Menomonie Street
ntugmanhe,XkwtS4l,Niccolo,Tugman,ntugmanhe@soup.io,41 Mcbride Point
tpickenhf,5idj59wV,Tabbie,Picken,tpickenhf@jimdo.com,24648 Debs Place
bpashhg,BiAIvTh8t,Brit,Pash,bpashhg@nature.com,4 Artisan Center
rmurishh,De3T8AKYW,Rhonda,Muris,rmurishh@salon.com,785 Barnett Pass
pnaisbyhi,KVg3rIGpgotl,Pepe,Naisby,pnaisbyhi@acquirethisname.com,680 Messerschmidt Parkway
gpetrukhj,Xxp7u6aJL,Gage,Petruk,gpetrukhj@pcworld.com,56 Anthes Trail
dforsbeyhk,H5alZW,Damian,Forsbey,dforsbeyhk@woothemes.com,96 Brickson Park Center
cyannikovhl,nEP7WOvxfwi,Camel,Yannikov,cyannikovhl@tuttocitta.it,45 1st Hill
slorenzohm,g5pavn,Sebastien,Lorenzo,slorenzohm@auda.org.au,3 Wayridge Parkway
jleishmanhn,CxyPGKRrZ,Joyous,Leishman,jleishmanhn@reverbnation.com,7 7th Circle
gchristofolho,Pm2sFNay,Gaile,Christofol,gchristofolho@jimdo.com,8 Village Crossing
cskeelshp,73anVd65O5,Candide,Skeels,cskeelshp@lycos.com,735 Starling Street
csplevinhq,m8kf8ng3n,Clayborn,Splevin,csplevinhq@amazon.de,31 Crescent Oaks Crossing
aeeftinghr,JrU9kuipO,Anthiathia,Eefting,aeeftinghr@friendfeed.com,9834 Loomis Pass
aavishs,CmXzZ4nJR,Angy,Avis,aavishs@discovery.com,547 Gateway Court
lbitchenoht,H6dUN2zQE,Lucio,Bitcheno,lbitchenoht@microsoft.com,88372 Cascade Plaza
amcramseyhu,qwN5YOpb0oQ,Alley,McRamsey,amcramseyhu@aol.com,12 Farwell Plaza
dleatthv,kSNCYvM8enNE,Dani,Leatt,dleatthv@cnn.com,300 Waxwing Junction
sivanilovhw,xFh4U4ylqBt,Savina,Ivanilov,sivanilovhw@qq.com,2 Fairfield Junction
wclellhx,3Zb33zMr,Wallas,Clell,wclellhx@twitter.com,0 Fieldstone Park
rsouthertonhy,kl8Kf7x,Regina,Southerton,rsouthertonhy@home.pl,51368 Buell Terrace
ngoutcherhz,9cEOKJmbo,Nikolas,Goutcher,ngoutcherhz@technorati.com,237 Buell Point
bdolphini0,6jNzis1jC,Bev,Dolphin,bdolphini0@oaic.gov.au,88431 Mandrake Lane
wbancei1,owmj2yB,Wilma,Bance,wbancei1@is.gd,78 Gina Terrace
mhierroi2,5X0ySXr,Maryann,Hierro,mhierroi2@nationalgeographic.com,59 Victoria Pass
ctoderbruggei3,NhaDT8PI,Celestina,Toderbrugge,ctoderbruggei3@pinterest.com,78 Jay Center
blevitti4,siAEcJtH3,Baron,Levitt,blevitti4@umn.edu,82803 Manitowish Park
dmccanei5,Yvun1Hr,Demetris,McCane,dmccanei5@yellowbook.com,1 Continental Road
rkeppyi6,skCc1FtTgj,Rusty,Keppy,rkeppyi6@spotify.com,94 Morning Lane
lpraundlini7,8LdbNCBE,Leandra,Praundlin,lpraundlini7@is.gd,275 Dorton Trail
dpalffreyi8,1mih9FMM7B,Davita,Palffrey,dpalffreyi8@vkontakte.ru,8609 Fallview Road
estockeni9,MVGgeJt,Editha,Stocken,estockeni9@hibu.com,16 Express Street
pegaria,o5A89NMfs,Pancho,Egar,pegaria@creativecommons.org,65 Lerdahl Pass
ilouwib,AP8hpTwh,Ivette,Louw,ilouwib@spotify.com,2 Ryan Trail
kdankersleyic,psFDvCvT9,Kiah,Dankersley,kdankersleyic@home.pl,2901 Everett Avenue
mkimburyid,tqOmWY7HH,Marius,Kimbury,mkimburyid@github.io,0 Evergreen Parkway
nglackenie,0XrU4kSxj75h,Nicolis,Glacken,nglackenie@t-online.de,21 7th Point
dgruszczakif,QOBDMdnN142,Dian,Gruszczak,dgruszczakif@nationalgeographic.com,404 Monica Lane
sdeeksig,nQce8sDHxkh,Sayre,Deeks,sdeeksig@geocities.com,633 Clemons Court
gshobbrookih,CDeLCdahkX,Galven,Shobbrook,gshobbrookih@skyrock.com,54385 Hazelcrest Alley
zmackayii,G5tz0CU,Zonda,MacKay,zmackayii@mapquest.com,292 Pawling Crossing
hpetrushkevichij,SL7fZn,Heriberto,Petrushkevich,hpetrushkevichij@ucoz.com,02 Fairview Street
bdunsfordik,Qe0qghZ1Npp,Berkeley,Dunsford,bdunsfordik@sfgate.com,57312 Dennis Pass
kjakabil,iagslvRqhrk,Kleon,Jakab,kjakabil@cafepress.com,399 Crownhardt Way
bturleyim,dNyC0RWzqy4V,Bink,Turley,bturleyim@tmall.com,4991 Spenser Street
kmathissenin,TF0JFE0Pj,Kane,Mathissen,kmathissenin@usnews.com,88 Dunning Place
gwebsdaleio,XbiZWsY4XKD1,Gabby,Websdale,gwebsdaleio@shareasale.com,2 Hanover Court
ehammerichip,N0YTxiI,Ethan,Hammerich,ehammerichip@reference.com,90785 Utah Road
frixoniq,zxFdDAM,Fulvia,Rixon,frixoniq@cargocollective.com,5499 Rusk Alley
gskillernir,mFJpf2OCt5Z8,Gertrudis,Skillern,gskillernir@surveymonkey.com,39908 Autumn Leaf Point
rhousbieis,7AA1HVm4U5Zz,Riva,Housbie,rhousbieis@alexa.com,1148 Anzinger Parkway
jfibbingsit,Ga5a87WO,Joseph,Fibbings,jfibbingsit@posterous.com,400 Spenser Junction
thustleriu,Sjp3Erf7WBcP,Tine,Hustler,thustleriu@weebly.com,66690 Birchwood Lane
sflorentineiv,gAFB3t,Simone,Florentine,sflorentineiv@slashdot.org,6867 High Crossing Circle
abadsworthiw,4HiRaCrMRhsn,Ashien,Badsworth,abadsworthiw@miibeian.gov.cn,52363 Golf Course Crossing
hsiviterix,hWXNRi,Hayyim,Siviter,hsiviterix@reverbnation.com,06 Grover Court
iberminghamiy,c4NYBibOfxxt,Isabelita,Bermingham,iberminghamiy@e-recht24.de,626 Marquette Street
vbunhilliz,LtabxWnesy,Viviene,Bunhill,vbunhilliz@dell.com,1 Kings Trail
mrickertj0,8dZjH5GJ,Myrtia,Rickert,mrickertj0@about.com,38074 Sheridan Crossing
kquiggj1,6sxqKk6GpqFR,Kessia,Quigg,kquiggj1@reuters.com,150 Hansons Hill
bfluryj2,EHg88OEJacvo,Breanne,Flury,bfluryj2@vk.com,6 Fairview Drive
hmellishj3,Bn4kdLS2I55A,Heloise,Mellish,hmellishj3@amazon.co.uk,4726 Sutteridge Point
abiertonj4,ZtXzu4,Alfie,Bierton,abiertonj4@redcross.org,16 Buena Vista Pass
bbaudicj5,H6BGaFV,Bartie,Baudic,bbaudicj5@java.com,76 Lakewood Gardens Parkway
wfassj6,BDSrjeQ,Whitaker,Fass,wfassj6@naver.com,0 Alpine Center
srasorj7,IHxbdAzhxo,Sandy,Rasor,srasorj7@cpanel.net,63 Dunning Avenue
purwenj8,bsJDw7jmiV8,Priscella,Urwen,purwenj8@mediafire.com,740 Myrtle Pass
mwindlessj9,kW1P1xtj9Nht,Maxie,Windless,mwindlessj9@e-recht24.de,6 Bowman Point
jcapstickja,AfKhLx0hi,Jakie,Capstick,jcapstickja@lycos.com,32044 Atwood Street
dmandersjb,duI4lt,Deloria,Manders,dmandersjb@blogger.com,68 Northland Pass
lsandercockjc,gu3KCymjGjd4,Liv,Sandercock,lsandercockjc@themeforest.net,08 Petterle Center
tkrienkejd,HP3wLEU,Theodosia,Krienke,tkrienkejd@blogtalkradio.com,10992 Talisman Park
jtomeoje,VNNxsOyVwvZ8,Julianne,Tomeo,jtomeoje@mediafire.com,82 Buell Point
pmackowlejf,1hnFg9OleW9,Portia,MacKowle,pmackowlejf@aboutads.info,744 Armistice Crossing
mloblejg,s8ZTO43,Myrna,Loble,mloblejg@xing.com,22 North Way
lsimysonjh,hFZK2tRh,Leah,Simyson,lsimysonjh@phpbb.com,6 Kensington Center
sskippji,RoAoNtSdU7,Sim,Skipp,sskippji@time.com,54491 Grover Avenue
rtrilljj,t0Wobh,Raphael,Trill,rtrilljj@blinklist.com,101 Kenwood Road
ebarochjk,lu9NQpuD,Elroy,Baroch,ebarochjk@networkadvertising.org,555 Milwaukee Point
bdiversjl,jRn9E96,Balduin,Divers,bdiversjl@mapquest.com,36 Stephen Street
lskaifejm,mFl94XxF,Lenette,Skaife,lskaifejm@histats.com,629 Anhalt Circle
whuckjn,p2sbbJQ8,Waylin,Huck,whuckjn@unicef.org,7 Onsgard Road
rambrosiojo,6RTofsX07Uy,Ruggiero,Ambrosio,rambrosiojo@theglobeandmail.com,4 Cascade Terrace
kcolliverjp,IP0H1a,Ki,Colliver,kcolliverjp@com.com,288 Sheridan Pass
bschulkinsjq,Y7IPaPbWM,Blinni,Schulkins,bschulkinsjq@paginegialle.it,020 Florence Circle
mketteridgejr,LEILv9lH50,Matthaeus,Ketteridge,mketteridgejr@g.co,4 Fulton Place
moleszczakjs,eunzLs,Milton,Oleszczak,moleszczakjs@dailymotion.com,2 Stephen Pass
lbanaszewskijt,Nyokpu,Leonidas,Banaszewski,lbanaszewskijt@hud.gov,6 Mayfield Parkway
llownsbroughju,5K5McLV,Leandra,Lownsbrough,llownsbroughju@icq.com,5 3rd Terrace
mansettjv,2rJQh0OwxZ5,Meredithe,Ansett,mansettjv@samsung.com,5 Lakewood Place
tdeferrarijw,32CSdxzt,Tamas,De Ferrari,tdeferrarijw@icio.us,142 Darwin Junction
bingarfieldjx,TgbSuYH3Qz,Bartholomew,Ingarfield,bingarfieldjx@wufoo.com,2194 Cordelia Center
lsavinsjy,6rzdZZs,Lief,Savins,lsavinsjy@ebay.com,24353 Roth Court
mwickesjz,9KhRBAEYn,Mark,Wickes,mwickesjz@xinhuanet.com,2261 Crownhardt Court
eaxonk0,OvrFV3,Elisha,Axon,eaxonk0@tamu.edu,471 Utah Trail
gqusklayk1,SenxFB5kFWeo,Gabriell,Qusklay,gqusklayk1@google.pl,460 Lakeland Drive
ksoark2,2i0GUkF0h,Kahlil,Soar,ksoark2@samsung.com,881 Raven Place
epauntonk3,iUT6Vs8C1itu,Emmit,Paunton,epauntonk3@tamu.edu,47520 Crescent Oaks Way
bharvettk4,0cKlfZC,Bertram,Harvett,bharvettk4@discovery.com,96 Bluestem Trail
lblairk5,CKZQnmsiTY,Luca,Blair,lblairk5@upenn.edu,3 Mandrake Alley
cbensteadk6,4H0xN5Am,Cynthie,Benstead,cbensteadk6@csmonitor.com,19641 Kedzie Court
tstansallk7,5hlVa4q1l,Tobit,Stansall,tstansallk7@japanpost.jp,973 Hayes Park
drumblek8,UOEpuCXSrI82,Danita,Rumble,drumblek8@t.co,7528 Cody Plaza
jgeggusk9,dQjcI1ruFl,Jackie,Geggus,jgeggusk9@histats.com,474 Golden Leaf Plaza
bwallsworthka,4LHTqxdaa,Biddie,Wallsworth,bwallsworthka@clickbank.net,78 Pleasure Street
reburnekb,RM7F1wg,Rayner,Eburne,reburnekb@dailymotion.com,51 Kings Park
btieskc,wtsqnVboAe,Brittni,Ties,btieskc@ucsd.edu,92570 Jackson Road
vburgwinkd,V3tKdLku3fK,Vivie,Burgwin,vburgwinkd@weebly.com,4594 Bashford Court
rpietzkerke,NWNlqH,Randene,Pietzker,rpietzkerke@shutterfly.com,059 Spenser Lane
mcristeakf,YRiDBJY,Magdalene,Cristea,mcristeakf@gravatar.com,7 New Castle Court
vcurekg,I30MKbEz0x,Vanessa,Cure,vcurekg@mlb.com,65 Memorial Way
dgiblinkh,kOXOClA0,Deb,Giblin,dgiblinkh@huffingtonpost.com,53 Drewry Center
splemingki,acWbrSb,Shamus,Pleming,splemingki@opera.com,8 Lillian Center
rerikkj,tSmfloXwNw,Rhianna,Erik,rerikkj@cam.ac.uk,10153 Fairfield Court
mjoddinskk,bRNAHKWGB,Murdock,Joddins,mjoddinskk@jiathis.com,22 Barnett Trail
tjarvillekl,oiDFg5taY5wc,Tallie,Jarville,tjarvillekl@amazonaws.com,681 Eagan Street
rplayfootkm,jdXCRAcQjYcB,Rollie,Playfoot,rplayfootkm@nsw.gov.au,4 Dwight Parkway
gthreadkellkn,dkWd2cvbHiQY,Granville,Threadkell,gthreadkellkn@mozilla.com,6 Troy Terrace
shawko,tWveRIr8Vd,Smitty,Haw,shawko@java.com,25 Hanson Alley
mbyramkp,7hR9Jo,Marissa,Byram,mbyramkp@aol.com,5 Milwaukee Alley
tdoltonkq,EHlkX4VYXqz,Thibaud,Dolton,tdoltonkq@stanford.edu,8133 Randy Point
jcustkr,fqUTU93ps,Jaymie,Cust,jcustkr@telegraph.co.uk,51481 Kinsman Court
khurtadoks,gl1l81,Kennedy,Hurtado,khurtadoks@ask.com,019 Orin Alley
mcargokt,Vn3lH2I8VAd,Mirilla,Cargo,mcargokt@bing.com,799 Cascade Place
cberginku,QQfnS3Ik5Pmf,Carleen,Bergin,cberginku@mayoclinic.com,235 Meadow Valley Crossing
ddarlisonkv,UMFdLj,Denny,Darlison,ddarlisonkv@chron.com,56900 Vermont Court
bendkw,7ZdNMda,Becka,End,bendkw@jimdo.com,7 Lotheville Alley
edewdneykx,9255HIPGTyMY,Edith,Dewdney,edewdneykx@guardian.co.uk,006 Forest Dale Lane
ofeldbergky,6qmxK2agLpeg,Olympie,Feldberg,ofeldbergky@gov.uk,15 Mcguire Hill
averickkz,o8va2nG,Arvy,Verick,averickkz@amazon.de,7708 Bluestem Junction
kscadl0,eAUXR9SB,Kain,Scad,kscadl0@umn.edu,91 Shasta Parkway
sgeldardl1,wuvIdwVCSmk,Saul,Geldard,sgeldardl1@de.vu,2114 Homewood Center
ppoolel2,UvUhzwrOl,Petr,Poole,ppoolel2@yellowbook.com,983 Montana Junction
jmyalll3,Ng9xh1ypo,Jillie,Myall,jmyalll3@e-recht24.de,91 American Pass
nreaml4,lEwH0qiIICE,Natividad,Ream,nreaml4@nytimes.com,4342 Derek Terrace
chubnerl5,lYjx49YWT,Christos,Hubner,chubnerl5@163.com,064 Oneill Alley
klillegardl6,NNiFeX8Vn,Katerina,Lillegard,klillegardl6@who.int,8922 Holmberg Street
rpurcerl7,aLXngdDZX,Roxine,Purcer,rpurcerl7@theglobeandmail.com,46 Graedel Parkway
vguyel8,z9jB15,Viva,Guye,vguyel8@purevolume.com,9938 Manufacturers Parkway
tbalshenl9,e41eR8TWSw,Tanney,Balshen,tbalshenl9@barnesandnoble.com,6 Gale Hill
acosansla,KVlZA9Y,Arlan,Cosans,acosansla@amazonaws.com,3113 Prentice Crossing
msnowdenlb,GwPzoIVt2kT,Manny,Snowden,msnowdenlb@amazon.de,27 Petterle Park
abourleylc,DO2QCYFejRj,Aylmer,Bourley,abourleylc@ehow.com,90064 Novick Hill
ecordingleyld,OzH83VKr1Hkc,Erskine,Cordingley,ecordingleyld@latimes.com,6 Homewood Crossing
ntrevorle,imsBy1gVJ,Nicolas,Trevor,ntrevorle@artisteer.com,8 Canary Plaza
jforstlf,q3heKslLJ93,Josefa,Forst,jforstlf@about.me,11575 Laurel Road
emcindrewlg,p3WiPZxfXG,Eyde,McIndrew,emcindrewlg@hibu.com,93 Sheridan Park
vephgravelh,oDTwlS,Valentin,Ephgrave,vephgravelh@yale.edu,8899 Cherokee Circle
olaingeli,gdt9Ro,Orson,Lainge,olaingeli@yale.edu,26 Autumn Leaf Alley
lveltmannlj,esw8l4cEgOGo,Laetitia,Veltmann,lveltmannlj@wikia.com,292 Washington Center
epurdielk,5aeYtf0WQo,Enrico,Purdie,epurdielk@mapy.cz,1006 Butterfield Crossing
dkleintll,seuKUHG,Dominica,Kleint,dkleintll@scientificamerican.com,89832 Little Fleur Way
hcubbitlm,r0Aj8GL2w,Hastie,Cubbit,hcubbitlm@xrea.com,1751 Waxwing Center
bdoudln,fI2mRYk,Bobbie,Doud,bdoudln@cocolog-nifty.com,93193 Maple Lane
lwolseleylo,lcwoOjRCX7,Lorain,Wolseley,lwolseleylo@netscape.com,941 Trailsway Place
jmarlowelp,aQbS0bYE,Jeannette,Marlowe,jmarlowelp@sogou.com,8575 Elgar Plaza
kranyelllq,K5HnoIJjlMTh,Kerri,Ranyell,kranyelllq@trellian.com,8821 Mesta Hill
pcookneylr,7gHxWSBmabqU,Pascal,Cookney,pcookneylr@miitbeian.gov.cn,9813 Grasskamp Hill
hmcauslandls,IwxE2HZd,Harlene,McAusland,hmcauslandls@walmart.com,48827 Lighthouse Bay Avenue
trolofflt,t0P4ppS,Terri,Roloff,trolofflt@163.com,50 Eagle Crest Drive
ccrawlu,ddOBbpaRr,Cary,Craw,ccrawlu@nymag.com,8627 Crescent Oaks Parkway
akenningleylv,vqGlbgVn,Ansell,Kenningley,akenningleylv@google.es,46 Mayer Pass
lkirkbrightlw,OB7TgWnTm,Laurianne,Kirkbright,lkirkbrightlw@360.cn,2 Kropf Terrace
volyfflx,OhpMAPyE,Vanni,Olyff,volyfflx@naver.com,82889 Melody Pass
mfabryly,vT9e0MfT6,Mady,Fabry,mfabryly@homestead.com,012 Sullivan Crossing
ostuchburylz,OpopSz4PPi9R,Orsola,Stuchbury,ostuchburylz@samsung.com,7 Acker Street
cturlm0,ikMJWBU8js,Caroljean,Turl,cturlm0@imageshack.us,0 Stone Corner Way
uawcockm1,SRcL2wT4,Urbanus,Awcock,uawcockm1@blinklist.com,6 Green Ridge Trail
adreinanm2,SNvvL8s33b,Anatol,Dreinan,adreinanm2@java.com,09018 Bartillon Street
elademannm3,Nm5i5jG,Edward,Lademann,elademannm3@rakuten.co.jp,28 Doe Crossing Pass
raynscombem4,iWUQ8tGLw,Robbie,Aynscombe,raynscombem4@drupal.org,29 Rusk Point
amcgarritym5,KAanos3eqJy,Adriena,McGarrity,amcgarritym5@1688.com,44252 Summer Ridge Junction
wbraunfeldm6,DBppawONrzJ,Wyndham,Braunfeld,wbraunfeldm6@gmpg.org,0496 Village Green Crossing
bgayterm7,KP9T8QRIF,Brandise,Gayter,bgayterm7@slashdot.org,94272 Steensland Trail
lbilboroughm8,a5JIA6Q,Letty,Bilborough,lbilboroughm8@a8.net,7691 Straubel Trail
rbrimmingm9,qgASfsIWLUm,Reube,Brimming,rbrimmingm9@yahoo.com,1 Rusk Drive
dbrinema,iHMJ7lwWe9,Dede,Brine,dbrinema@bloglines.com,94 Heath Point
jabdeemb,Nu0NqX,Juline,Abdee,jabdeemb@walmart.com,885 Pepper Wood Point
avickersmc,xtmqYq0EE2,Antons,Vickers,avickersmc@sitemeter.com,80 Trailsway Plaza
gandriolimd,D3gGiVBO4Dw,Gabriellia,Andrioli,gandriolimd@archive.org,02878 Springview Junction
fdrakeme,ubW0615dC3l,Francyne,Drake,fdrakeme@printfriendly.com,8569 Beilfuss Circle
nbusselmf,2t9iBUeCh,Nicola,Bussel,nbusselmf@tinypic.com,76094 Schurz Park
jwilbrahammg,Gq41VlJ,Jessamine,Wilbraham,jwilbrahammg@mapy.cz,88406 Oak Center
crichfieldmh,DbFZzAEo,Christos,Richfield,crichfieldmh@engadget.com,4632 Lawn Circle
mbedhammi,E40CS9znY1B,Matthiew,Bedham,mbedhammi@wikimedia.org,2510 Cascade Plaza
rstandbrookemj,hruUNNZ7VyLQ,Robinet,Standbrooke,rstandbrookemj@wikispaces.com,12 Pine View Way
gpoulglaismk,28qM4Ezy,Gerard,Poulglais,gpoulglaismk@blogs.com,892 Acker Park
hhullinsml,oji7VM7zE3de,Hartley,Hullins,hhullinsml@yellowpages.com,4 Prentice Place
abrotheridgemm,qocgCTd,Averell,Brotheridge,abrotheridgemm@google.com.au,2786 Knutson Way
achettermn,TL9yf1,Arly,Chetter,achettermn@bbc.co.uk,212 Hoard Lane
agarshoremo,1qBbwyp2t,Aldus,Garshore,agarshoremo@state.tx.us,8012 Maple Street
rlingfootmp,DSNIjW,Ramon,Lingfoot,rlingfootmp@homestead.com,53 3rd Parkway
gdefewmq,wd4Yz6,Georgy,Defew,gdefewmq@aol.com,052 Washington Terrace
jriplymr,E6eHfdErW,Joseito,Riply,jriplymr@woothemes.com,15 Fulton Avenue
rgoodnowms,3DGm3EFYCrP,Ricard,Goodnow,rgoodnowms@ftc.gov,9160 Russell Junction
nstocktonmt,J0a8S0P,Nickolas,Stockton,nstocktonmt@ucoz.ru,0524 Vahlen Way
kvedenyakinmu,o84AVcHnZWQ,Katey,Vedenyakin,kvedenyakinmu@ftc.gov,6 Bonner Circle
kaloigimv,Oqm2c6,Kellen,Aloigi,kaloigimv@themeforest.net,80 Colorado Drive
wgertymw,eJpOR7OjtZV,Walther,Gerty,wgertymw@bigcartel.com,2286 Cherokee Crossing
odymockemx,WO2xp6kJy,Oona,Dymocke,odymockemx@topsy.com,9583 Dennis Way
hfrancescocciomy,FNOxzlhk,Hesther,Francescoccio,hfrancescocciomy@cloudflare.com,98 Sutherland Terrace
spovelemz,kPMtr9g,Sullivan,Povele,spovelemz@youtu.be,3 Westend Drive
cdrillingcourtn0,CZu382m,Clemmy,Drillingcourt,cdrillingcourtn0@pbs.org,8 Nobel Circle
lkitchinghamn1,k0A106dE9v,Lynn,Kitchingham,lkitchinghamn1@xrea.com,2907 Southridge Trail
ahawkesn2,F4iFd2G,Armstrong,Hawkes,ahawkesn2@artisteer.com,36 Claremont Street
hjagielskin3,HP21AAAb3,Haleigh,Jagielski,hjagielskin3@fda.gov,35254 Melby Drive
abeern4,ngK1Mu,Alane,Beer,abeern4@4shared.com,8693 Old Gate Trail
bitzkinn5,gPr1XR0Uujk3,Blinny,Itzkin,bitzkinn5@yandex.ru,284 Novick Center
gmousdalln6,lNYgi7Q,Gasper,Mousdall,gmousdalln6@google.pl,7 Dexter Lane
bletchern7,8wQW8c2l6xG1,Bethena,Letcher,bletchern7@go.com,2575 Truax Terrace
smebesn8,pjF7LEcfQ,Spense,Mebes,smebesn8@wired.com,0 Carey Center
kplessingn9,wogEiYviiGW,Kalie,Plessing,kplessingn9@google.de,208 Amoth Pass
sduryna,IRUoejgl,Selma,Dury,sduryna@livejournal.com,801 Center Circle
idaversnb,rCqRzTVj,Idette,Davers,idaversnb@clickbank.net,591 Nelson Plaza
lingmannc,ak030Yh23HG,Lebbie,Ingman,lingmannc@google.co.uk,34822 Cascade Park
lbradtkend,3WP8XFsfX,Loren,Bradtke,lbradtkend@lycos.com,121 Arapahoe Crossing
nandratne,AGUuaY0,Noami,Andrat,nandratne@constantcontact.com,88511 Lillian Way
dgabbitasnf,3MmGQiY77,Devan,Gabbitas,dgabbitasnf@ezinearticles.com,956 Riverside Avenue
dflightng,xoLpFB,Dorise,Flight,dflightng@studiopress.com,2 Hoffman Pass
aivashnikovnh,73HfWzBG,Allegra,Ivashnikov,aivashnikovnh@uol.com.br,45274 Goodland Circle
dlysaghtni,InHFqc2Eaoa,Doroteya,Lysaght,dlysaghtni@elegantthemes.com,945 Roxbury Crossing
gnicenj,r1J98Gfwt54,Goran,Nice,gnicenj@desdev.cn,1039 John Wall Hill
cpoelnk,O7b9vFsd6T,Camala,Poel,cpoelnk@cyberchimps.com,5 Glacier Hill Junction
dvankovnl,zeV88P,Danika,Vankov,dvankovnl@yolasite.com,69 Caliangt Center
bmacguigannm,a5MyBkCA,Benedikta,MacGuigan,bmacguigannm@over-blog.com,21137 Manufacturers Junction
coretnn,hUUMSVN1ZDX,Christabel,Oret,coretnn@who.int,415 Lien Hill
mkieransno,vmgxp975,Maritsa,Kierans,mkieransno@blogs.com,3 Fairview Pass
beggertonnp,l2sLdL,Boothe,Eggerton,beggertonnp@hibu.com,92 Manitowish Pass
gbarnsdalenq,vEOUEaI,Geoffry,Barnsdale,gbarnsdalenq@com.com,48832 Westridge Hill
mgarahannr,F7PpaEMCP,Maryjo,Garahan,mgarahannr@webnode.com,06909 Susan Court
tworgenns,0wSgrg9,Tonia,Worgen,tworgenns@pbs.org,19368 Wayridge Court
jgoldsnt,Aa9K0rFp,Jere,Golds,jgoldsnt@printfriendly.com,33 Bultman Way
dworleynu,AcAyNUOb,Dalenna,Worley,dworleynu@ovh.net,522 Hallows Circle
emcauliffenv,ShB5vouw,Essie,McAuliffe,emcauliffenv@mail.ru,6 Jackson Crossing
woutibridgenw,3SKdkKAQBy,Witty,Outibridge,woutibridgenw@state.tx.us,3 Arizona Terrace
rjahnsnx,hA8CfCmCCL,Roger,Jahns,rjahnsnx@hubpages.com,10 Ilene Court
agodierny,T7J5WB,Annnora,Godier,agodierny@eventbrite.com,4609 Loftsgordon Lane
gdonalsonnz,Xd8dalB,Grayce,Donalson,gdonalsonnz@hexun.com,08207 Gina Place
ckirkupo0,uj18Hnl2,Carrissa,Kirkup,ckirkupo0@si.edu,5 Oak Pass
sperellio1,jg8nSf6,Sherye,Perelli,sperellio1@vistaprint.com,94366 2nd Pass
lfrymano2,3suO6i,Laurent,Fryman,lfrymano2@wikimedia.org,5 Brentwood Circle
fgligorijevico3,KeIZf0iIKLRn,Franciskus,Gligorijevic,fgligorijevico3@weibo.com,20 Jana Point
saseyo4,PzkfO9m44,Shaw,Asey,saseyo4@trellian.com,68196 Bashford Way
qhayfordo5,HBqdXsP,Quentin,Hayford,qhayfordo5@hostgator.com,12741 Iowa Junction
ytrosdallo6,tOOaPEil3lg,Yurik,Trosdall,ytrosdallo6@nytimes.com,79 Leroy Point
thofo7,ytSE8z5,Tami,Hof,thofo7@liveinternet.ru,44760 Utah Road
hlighteno8,x4pyuS,Hazel,Lighten,hlighteno8@reverbnation.com,9 Dennis Way
caupolo9,GDIjG7G,Caralie,Aupol,caupolo9@harvard.edu,6 Everett Drive
dhenrionoa,EFM9NY1aqXnS,Dalt,Henrion,dhenrionoa@blogspot.com,374 Vera Court
rlotsob,5UT3n5W,Robyn,Lots,rlotsob@dropbox.com,53 Mesta Place
sallinghamoc,0watJGxp2,Sharyl,Allingham,sallinghamoc@umich.edu,1 Schurz Terrace
akmieciakod,ZrDcs0fC,April,Kmieciak,akmieciakod@digg.com,8132 Nancy Way
jgreethamoe,N15JY2u,Jeramey,Greetham,jgreethamoe@wiley.com,517 Kings Junction
mmeasomof,X9WuLB7k29MI,Marylee,Measom,mmeasomof@boston.com,273 School Terrace
aruppertog,bRHsPe0W,Agnella,Ruppert,aruppertog@ocn.ne.jp,05 Graedel Avenue
kkempoh,BHgegHsag4,Kara,Kemp,kkempoh@sakura.ne.jp,6 Arrowood Junction
adinesenoi,GQJbRUNT33h,Alessandro,Dinesen,adinesenoi@1688.com,05 Orin Parkway
lspaiceoj,o7l80dIlpLb,Lionel,Spaice,lspaiceoj@last.fm,2 Summerview Avenue
rkissok,13F6lV,Rodolfo,Kiss,rkissok@scientificamerican.com,253 Reinke Trail
gwhealol,Ttp55GKyFRL4,Godwin,Wheal,gwhealol@umich.edu,3056 Sommers Center
fcastellanosom,bum3z9IInyi,Felizio,Castellanos,fcastellanosom@princeton.edu,9 Vermont Avenue
btwidleon,mKmUQskTj6,Burke,Twidle,btwidleon@yahoo.com,848 Blaine Crossing
gberwickoo,RC8qnGaAE4id,Godwin,Berwick,gberwickoo@netscape.com,3704 Blue Bill Park Place
anicolop,4w8vxKIrYOJ,Aubrette,Nicol,anicolop@vinaora.com,4084 David Point
fglazyeroq,peVgz8wTPn,Flinn,Glazyer,fglazyeroq@who.int,993 Sauthoff Way
eredor,Th5R016aAOjw,Erinn,Red,eredor@intel.com,57331 Oriole Terrace
rseageros,dfyUG4b,Rodge,Seager,rseageros@slate.com,61 Judy Parkway
lneggriniot,3QhluMnBNxp,Livvie,Neggrini,lneggriniot@tinypic.com,317 Dapin Road
mpavlikou,cFnjtxjVd,Mattheus,Pavlik,mpavlikou@delicious.com,707 Dawn Hill
scarnierov,rfKS6lGLPU7Y,Stevana,Carnier,scarnierov@buzzfeed.com,9273 Anzinger Avenue
aodunniomow,9fEbQ41poOID,Allix,O'Dunniom,aodunniomow@guardian.co.uk,4682 Delladonna Road
jpregalox,2I4bGI,Jared,Pregal,jpregalox@pen.io,54 Mosinee Park
rpepinoy,LmQ762tJ,Reider,Pepin,rpepinoy@tiny.cc,02898 Mosinee Crossing
kscotchmooroz,NnqicdH,Kayla,Scotchmoor,kscotchmooroz@addthis.com,5 Washington Junction
zheitonp0,Hp8mrk9q,Zebulen,Heiton,zheitonp0@elpais.com,8416 Clove Plaza
ctucknottp1,yPQbL41kh,Claudie,Tucknott,ctucknottp1@amazon.co.uk,3318 Debra Alley
htamblynp2,i0UaOCYYWk8Q,Hermine,Tamblyn,htamblynp2@rambler.ru,94680 Lake View Street
csutherbyp3,TmKgGACA,Coralyn,Sutherby,csutherbyp3@google.de,5921 Darwin Way
mjeanp4,vEmRgQ,Mano,Jean,mjeanp4@51.la,89523 Sullivan Alley
bmaccorkellp5,F364WtQbdG,Bertrand,MacCorkell,bmaccorkellp5@bbc.co.uk,158 Hintze Hill
awildep6,T3ibOv5jPEh,Arlie,Wilde,awildep6@ifeng.com,01922 Everett Way
dryburnp7,MPDEsdu96Q,Dane,Ryburn,dryburnp7@theguardian.com,28 Hayes Court
plarchierep8,4aP3spFE6iTN,Prudi,Larchiere,plarchierep8@icio.us,399 Birchwood Point
hbrump9,phPtkE,Hansiain,Brum,hbrump9@gizmodo.com,11671 Drewry Parkway
mtreweekpa,mOhtSCtVl,Mariejeanne,Treweek,mtreweekpa@admin.ch,1878 Kenwood Hill
jkamienpb,OZq6LJ,Joel,Kamien,jkamienpb@ox.ac.uk,0 Northview Crossing
abundeypc,KOMW44k8,Asher,Bundey,abundeypc@is.gd,3158 Delaware Trail
cjanaszewskipd,u8TuspIAr8h,Chrysa,Janaszewski,cjanaszewskipd@alexa.com,39 Michigan Lane
agoaterpe,hWf8Pn1ezVMO,Andra,Goater,agoaterpe@bbc.co.uk,58763 Lukken Crossing
emagrannellpf,v8hona3WzGeZ,Edgar,Magrannell,emagrannellpf@admin.ch,725 Old Shore Point
rmallonpg,VklcevYOU8t,Ryann,Mallon,rmallonpg@booking.com,308 Gina Circle
lmangonph,G6qRojHdT,Lilyan,Mangon,lmangonph@adobe.com,44 Crownhardt Place
stroypi,6lCReNlpU,Stillmann,Troy,stroypi@nydailynews.com,73 Hagan Point
isailespj,XdkeusSj2OW,Irving,Sailes,isailespj@pinterest.com,78051 Sunbrook Court
bdrexelpk,xfPxYesgBP,Betteann,Drexel,bdrexelpk@npr.org,5 Laurel Road
wblonfieldpl,N2t29BNY,Winifield,Blonfield,wblonfieldpl@princeton.edu,5 Anhalt Hill
mskevingtonpm,NA6elb,Mercedes,Skevington,mskevingtonpm@hubpages.com,433 Roth Court
mdilaweypn,mlau3JVD8,Malina,Dilawey,mdilaweypn@howstuffworks.com,128 Glacier Hill Crossing
rcloptonpo,HNZrnfRWh4,Ricki,Clopton,rcloptonpo@washington.edu,2 Summer Ridge Court
dmarcinkowskipp,xM3xdBixmS,Dawna,Marcinkowski,dmarcinkowskipp@si.edu,1 Everett Plaza
rbuxseypq,NcAbCzIo,Rudy,Buxsey,rbuxseypq@discuz.net,5 Chinook Point
dsargepr,HVXLx3DJbG3w,Darbie,Sarge,dsargepr@businesswire.com,281 La Follette Hill
rsarsonps,pJahHSg,Rahel,Sarson,rsarsonps@fda.gov,3633 Del Sol Plaza
elehouxpt,ci2JV2,El,Le Houx,elehouxpt@sina.com.cn,43 Sunbrook Way
amorradpu,1WCsocO,Abdel,Morrad,amorradpu@bizjournals.com,0991 Northview Road
dhabbalpv,9Zc0EIkRnRS,Drugi,Habbal,dhabbalpv@tumblr.com,7234 Kingsford Park
vmehmetpw,zbIqZrcGmq,Vern,Mehmet,vmehmetpw@furl.net,2 Eggendart Street
ldefontpx,MZ3qam6Zh,Lothaire,Defont,ldefontpx@acquirethisname.com,2623 Sunfield Plaza
hpaulitschkepy,oL7SidAQqCN,Hervey,Paulitschke,hpaulitschkepy@opensource.org,316 Hooker Point
sdefrainepz,20PA9N0fwK,Stanford,Defraine,sdefrainepz@people.com.cn,04 Park Meadow Junction
mbatchanq0,i4dI1jkOL,Megan,Batchan,mbatchanq0@exblog.jp,752 Paget Alley
bpottleq1,tUSqILw81,Beaufort,Pottle,bpottleq1@ihg.com,773 Karstens Avenue
pflaxmanq2,qjFyVl2,Pasquale,Flaxman,pflaxmanq2@spiegel.de,399 Harbort Drive
jthaxterq3,AMBZchNL,Jessie,Thaxter,jthaxterq3@ftc.gov,75 Miller Lane
cjollieq4,2QC7yn3,Cate,Jollie,cjollieq4@netvibes.com,4 Roth Junction
djoselovitchq5,3hl7tC,Duff,Joselovitch,djoselovitchq5@vk.com,03832 Loftsgordon Avenue
csallarieq6,nPyKwCS1,Carmon,Sallarie,csallarieq6@blogger.com,28 Clarendon Avenue
kmcgrieleq7,7pVWldMYYS,Kennan,McGriele,kmcgrieleq7@shutterfly.com,280 Morning Court
charnottq8,RbbEcECqAlD,Carmelle,Harnott,charnottq8@netlog.com,1 Lotheville Terrace
skittredgeq9,N76K2w,Stevy,Kittredge,skittredgeq9@trellian.com,774 Bay Avenue
groloffqa,yXBhwbyOl6s,Gibbie,Roloff,groloffqa@blinklist.com,437 Ronald Regan Lane
vgoughqb,NWiV7jP,Vale,Gough,vgoughqb@newyorker.com,14560 Reinke Center
rmatzlqc,FF7U9DFII,Ros,Matzl,rmatzlqc@blog.com,20 American Ash Court
taddisqd,lFR1ndPHHNN,Tersina,Addis,taddisqd@linkedin.com,8 Algoma Park
cadelmanqe,ZQp920nW,Constantin,Adelman,cadelmanqe@unesco.org,5 Buell Hill
adunckleyqf,5bitQwtmcujp,Addie,Dunckley,adunckleyqf@sakura.ne.jp,21 Becker Trail
hsomerlieqg,d7DCwow,Harmony,Somerlie,hsomerlieqg@weather.com,6 Bellgrove Way
mwoollcottqh,Waew3aQZVO,Marilyn,Woollcott,mwoollcottqh@ibm.com,6 Bay Road
sshortinqi,pX7CEcdw7,Shirl,Shortin,sshortinqi@newsvine.com,25176 Sunfield Crossing
ncapinettiqj,oo9JkOUECeQO,Nolie,Capinetti,ncapinettiqj@answers.com,277 Lawn Street
svaloisqk,Oi4BwWH5o,Shelby,Valois,svaloisqk@yelp.com,554 Lyons Park
olandql,tMQCooIthWPV,Ossie,Land,olandql@miitbeian.gov.cn,8526 Fieldstone Alley
wcahnqm,ij3gZIRGhI2d,Wilmer,Cahn,wcahnqm@seattletimes.com,16269 Starling Road
jdevinnqn,aSRA53,Jasun,Devinn,jdevinnqn@google.cn,31010 Nancy Plaza
kbalaamqo,xsqdiF8,Kimberlee,Balaam,kbalaamqo@dailymotion.com,0077 Westport Junction
rretchlessqp,okSTviRgjZyv,Ronna,Retchless,rretchlessqp@github.com,25127 Eggendart Junction
mdiceyqq,mq8hAr,Mommy,Dicey,mdiceyqq@usnews.com,25 Heffernan Center
adartqr,Wh1Rt2OgNEp,Adriena,Dart,adartqr@google.co.jp,41409 Tennyson Avenue
ggooderidgeqs,q2TbPc,Gustavo,Gooderidge,ggooderidgeqs@vk.com,95 Sauthoff Crossing
mattowqt,Qkjb5hb,Montague,Attow,mattowqt@netscape.com,0713 Hallows Road
hstickensqu,xSA8st4Ohv,Halie,Stickens,hstickensqu@typepad.com,9678 Mendota Pass
rworsleyqv,rbWN8Sv7,Roslyn,Worsley,rworsleyqv@princeton.edu,040 Graceland Point
emcbreartyqw,oF6RkRQ,Erroll,McBrearty,emcbreartyqw@bluehost.com,4607 Summer Ridge Center
whawkridgeqx,X1gzR6Gp,Westbrook,Hawkridge,whawkridgeqx@netvibes.com,72727 Graceland Park
ricomqy,6cZQaqq,Roobbie,Icom,ricomqy@yelp.com,06 Morrow Pass
vboylandqz,igds3Uhz4g6B,Vanya,Boyland,vboylandqz@creativecommons.org,892 Lakewood Gardens Junction
ameacer0,Cz6uMWXWaZ,Ania,Meace,ameacer0@mapquest.com,819 Waxwing Crossing
rfrazerr1,eWrQvYNAbijy,Roby,Frazer,rfrazerr1@spotify.com,2 Maywood Plaza
sbeertr2,5iMxhqJFieM,Shel,Beert,sbeertr2@pagesperso-orange.fr,0731 Pawling Drive
sprimmerr3,xfA6AU0M,Stephen,Primmer,sprimmerr3@google.pl,9810 Scofield Hill
geagarr4,4WXeXC,Gardener,Eagar,geagarr4@nhs.uk,264 Eagle Crest Park
hipplettr5,hV96qH,Helaine,Ipplett,hipplettr5@blogger.com,9022 Dahle Point
ohannentr6,mrWWJ4gGM,Obed,Hannent,ohannentr6@cbc.ca,21 Arrowood Alley
pcornewallr7,h1vRFgSS,Patrizia,Cornewall,pcornewallr7@ft.com,1 Truax Terrace
lmerigotr8,ml9OUL,Lucais,Merigot,lmerigotr8@addtoany.com,019 Cody Place
thaddintonr9,iGgjNTV,Toiboid,Haddinton,thaddintonr9@npr.org,121 Farwell Parkway
hodugganra,Bo7yVs4fAL9j,Hermione,O'Duggan,hodugganra@purevolume.com,3 Maryland Road
aprofitrb,WRtsuHtOrzN8,Arni,Profit,aprofitrb@buzzfeed.com,33 Dapin Road
ablakemanrc,4J9ryNc0NKn,Alyosha,Blakeman,ablakemanrc@bigcartel.com,85 Helena Trail
mnormantrd,1ZMVhZigF5Jr,Matilda,Normant,mnormantrd@chronoengine.com,313 Cardinal Lane
ghatchettere,lc2Pxv,Gifford,Hatchette,ghatchettere@bigcartel.com,00 Dayton Avenue
spattyrf,xDCMEl,Skyler,Patty,spattyrf@google.nl,711 Thierer Trail
cfulksrg,5DPqkwPHtu,Chrisy,Fulks,cfulksrg@xrea.com,0344 Westerfield Terrace
rjoslowrh,Q2RPef,Raf,Joslow,rjoslowrh@bbc.co.uk,0584 Fieldstone Court
ceddollsri,83osxrhmiEd,Callida,Eddolls,ceddollsri@bluehost.com,29988 Delladonna Drive
edrewsrj,ufzICL6Loh,Egbert,Drews,edrewsrj@princeton.edu,95 Comanche Center
estlouisrk,e1KJnJq6Q5jd,Elmer,St Louis,estlouisrk@fda.gov,585 Scott Lane
osaulrl,US3ywTm,Ondrea,Saul,osaulrl@sitemeter.com,6897 Petterle Road
ckasperskirm,8GH5Zah,Clementius,Kasperski,ckasperskirm@meetup.com,3064 Bluejay Plaza
rrichelrn,3UmwotBbDA,Rose,Richel,rrichelrn@who.int,39577 Northview Trail
sscriverro,QGt7MlCa,Sarena,Scriver,sscriverro@diigo.com,900 Bashford Avenue
wdenizetrp,BUIuaHJiZu,Wait,Denizet,wdenizetrp@amazon.de,112 Esch Drive
sbogeysrq,q9xOGuhXp,Skippie,Bogeys,sbogeysrq@archive.org,6 Blue Bill Park Center
mwacklyrr,d6uIjTH,Marcel,Wackly,mwacklyrr@ning.com,34066 Dennis Drive
